0.016704,-0.259965,0.784221,-0.02477,-0.025022,0.985511,-0.165919,-0.374461,0.113802,0.119951,1.181962,0.0972,-0.231406,-0.303949,-0.036855,-0.263278,0.423044,-0.133336,0.046209,-0.038295,0.128745,-0.000739,0.046095,0.224154,-0.301628,0.767342,0.787368,0.134901,0.123749,0.063363,-0.089718,0.059316,0.901044,-0.855109,0.100627,-0.162031
0.005303,-0.262479,0.785583,-0.02222,-0.027285,0.983178,-0.179229,-0.40735,0.13912,0.141607,1.153188,0.05544,-0.224456,-0.275783,-0.041944,-0.290178,0.421511,-0.143148,0.048865,-0.030742,0.137274,0.000108,0.057163,0.222189,-0.273309,0.737552,0.757563,0.147352,0.15903,0.048465,-0.101034,0.074366,0.909139,-0.872233,0.106896,-0.151491
-0.005674,-0.265498,0.787297,-0.020294,-0.027317,0.98078,-0.192125,-0.431397,0.161398,0.159168,1.097265,0.001272,-0.21295,-0.24769,-0.050513,-0.314432,0.418497,-0.151139,0.053373,-0.022713,0.143333,-8.9e-05,0.065459,0.221024,-0.263937,0.713005,0.740929,0.151984,0.175539,0.038963,-0.11098,0.078034,0.904506,-0.874881,0.105411,-0.152562
-0.015987,-0.26904,0.788941,-0.019111,-0.027064,0.978323,-0.204419,-0.446913,0.187817,0.175703,1.020635,-0.052657,-0.201432,-0.222022,-0.059734,-0.336978,0.416059,-0.158128,0.059309,-0.014222,0.14745,-0.000912,0.07206,0.222657,-0.267867,0.693438,0.736349,0.150332,0.175272,0.033275,-0.118673,0.074527,0.892872,-0.864876,0.097653,-0.166233
-0.025597,-0.273041,0.79056,-0.018786,-0.026335,0.975993,-0.215388,-0.451813,0.225613,0.202724,0.927083,-0.086119,-0.173115,-0.196891,-0.068572,-0.35659,0.408855,-0.161797,0.066721,-0.005226,0.150335,-0.002364,0.079137,0.222741,-0.276487,0.679277,0.738784,0.147058,0.168105,0.028566,-0.126367,0.071384,0.881295,-0.850508,0.089371,-0.18479
-0.034523,-0.277443,0.792046,-0.019071,-0.025109,0.974037,-0.224181,-0.450382,0.259938,0.230421,0.819598,-0.095378,-0.149783,-0.171423,-0.076081,-0.372351,0.395354,-0.162761,0.074135,0.004545,0.151917,-0.003977,0.088188,0.218161,-0.284355,0.671527,0.744418,0.146911,0.161439,0.022583,-0.135378,0.073873,0.873752,-0.839172,0.085371,-0.198308
-0.042818,-0.282231,0.793088,-0.019746,-0.024124,0.972455,-0.230998,-0.444878,0.285997,0.250892,0.705665,-0.08877,-0.116735,-0.14693,-0.08186,-0.385654,0.379551,-0.164631,0.081132,0.014863,0.152139,-0.005563,0.098856,0.209505,-0.290441,0.670718,0.752495,0.152718,0.156233,0.014528,-0.144735,0.082032,0.870742,-0.832739,0.086487,-0.20274
-0.050557,-0.287406,0.793734,-0.020776,-0.023619,0.971116,-0.236527,-0.437798,0.298775,0.254748,0.586716,-0.056531,-0.088872,-0.123834,-0.086506,-0.398137,0.363211,-0.166952,0.087814,0.02529,0.151116,-0.00722,0.109317,0.198024,-0.295896,0.676836,0.763508,0.164317,0.150573,0.004454,-0.153213,0.092984,0.871142,-0.829282,0.090273,-0.198904
-0.057806,-0.292909,0.794119,-0.022519,-0.022836,0.969737,-0.242036,-0.431609,0.306015,0.253087,0.471857,-0.013875,-0.083605,-0.101195,-0.091136,-0.409761,0.343491,-0.167755,0.094651,0.034475,0.148993,-0.009185,0.119319,0.182978,-0.300272,0.687344,0.778215,0.18026,0.143013,-0.01035,-0.159948,0.104579,0.873454,-0.82811,0.098482,-0.18924
-0.06466,-0.298974,0.793945,-0.024366,-0.023518,0.968195,-0.247895,-0.423218,0.31756,0.266308,0.36477,0.020194,-0.08014,-0.080227,-0.093296,-0.41986,0.324759,-0.168964,0.102427,0.041662,0.14699,-0.011615,0.125015,0.16653,-0.301197,0.7069,0.792841,0.197871,0.134979,-0.021292,-0.166153,0.114635,0.876102,-0.827576,0.104097,-0.180971
-0.071321,-0.305743,0.793117,-0.025688,-0.025635,0.966693,-0.253353,-0.414892,0.329039,0.283392,0.276366,0.046743,-0.075338,-0.060189,-0.092802,-0.427686,0.308695,-0.171602,0.111251,0.047573,0.145234,-0.014014,0.128213,0.149251,-0.296574,0.734128,0.803273,0.214215,0.127602,-0.029533,-0.169652,0.122075,0.878433,-0.826573,0.108936,-0.175753
-0.077917,-0.313416,0.791445,-0.025836,-0.029492,0.965018,-0.259236,-0.411292,0.349549,0.32315,0.227286,0.054786,-0.064028,-0.040305,-0.090085,-0.43534,0.297984,-0.176984,0.121422,0.050882,0.144,-0.016004,0.129594,0.133769,-0.289245,0.767163,0.808681,0.224546,0.117747,-0.034872,-0.169082,0.126221,0.880262,-0.823529,0.112971,-0.174095
-0.084554,-0.322153,0.788777,-0.024879,-0.034323,0.963349,-0.264881,-0.407207,0.369858,0.372535,0.216699,0.04903,-0.027177,-0.019221,-0.086442,-0.442731,0.290831,-0.185435,0.132519,0.052955,0.143032,-0.017705,0.125228,0.118466,-0.287666,0.811075,0.811591,0.225915,0.104709,-0.035048,-0.16555,0.127822,0.882848,-0.817958,0.113393,-0.177749
-0.091291,-0.332171,0.784334,-0.022987,-0.038688,0.962205,-0.268582,-0.396256,0.376817,0.388394,0.225017,0.05868,-0.017602,0.004008,-0.084853,-0.447691,0.285963,-0.196759,0.145801,0.056284,0.141145,-0.019312,0.123163,0.111101,-0.287313,0.849152,0.812675,0.216555,0.082358,-0.034439,-0.16049,0.128307,0.884641,-0.811324,0.113018,-0.180923
-0.097778,-0.34341,0.78301,-0.020354,-0.041828,0.961694,-0.27015,-0.387346,0.374594,0.377959,0.239913,0.085749,-0.00653,0.028138,-0.086852,-0.448662,0.282253,-0.200716,0.163134,0.060548,0.138515,-0.021087,0.124667,0.104735,-0.277958,0.876122,0.804783,0.203874,0.062864,-0.032453,-0.154791,0.129752,0.885998,-0.805265,0.111995,-0.18328
-0.104053,-0.355722,0.782915,-0.018377,-0.042538,0.961575,-0.270603,-0.369473,0.3645,0.369721,0.240067,0.130394,-0.002031,0.051641,-0.095273,-0.44573,0.276595,-0.188987,0.183718,0.063931,0.134703,-0.024105,0.129614,0.093797,-0.25337,0.891322,0.784045,0.193393,0.058815,-0.029562,-0.150273,0.132731,0.888041,-0.801182,0.112029,-0.184481
-0.109893,-0.368909,0.785755,-0.017285,-0.041471,0.961575,-0.270841,-0.345409,0.35337,0.377632,0.233407,0.14401,-0.01791,0.070121,-0.110736,-0.439497,0.276477,-0.161834,0.205248,0.065945,0.128957,-0.028457,0.134963,0.081023,-0.223147,0.899728,0.762456,0.187662,0.070394,-0.024955,-0.145568,0.135543,0.891952,-0.799105,0.1159,-0.185061
-0.115817,-0.383324,0.791592,-0.017347,-0.038608,0.961453,-0.271692,-0.319418,0.335579,0.390533,0.232684,0.127809,-0.021623,0.08552,-0.13314,-0.427686,0.284813,-0.120898,0.224892,0.067792,0.120683,-0.033523,0.134453,0.068671,-0.204285,0.907387,0.758328,0.189661,0.086105,-0.016155,-0.138566,0.136635,0.894757,-0.795585,0.127176,-0.184969
-0.12106,-0.398062,0.795096,-0.018387,-0.035239,0.960991,-0.27371,-0.299908,0.313301,0.398183,0.236818,0.106076,-0.012981,0.09414,-0.15829,-0.414893,0.296133,-0.075244,0.239943,0.070098,0.110491,-0.038866,0.129049,0.064164,-0.201857,0.913993,0.77366,0.192187,0.093827,-0.002901,-0.129031,0.129655,0.896016,-0.788403,0.138679,-0.181689
-0.125946,-0.412853,0.797615,-0.020275,-0.031661,0.960136,-0.276993,-0.286543,0.289459,0.402425,0.245931,0.083791,-0.005708,0.101668,-0.18237,-0.405211,0.304895,-0.029495,0.246706,0.072463,0.09939,-0.04423,0.119924,0.064959,-0.208903,0.9164,0.796748,0.188263,0.090584,0.0137,-0.118074,0.113657,0.893153,-0.778565,0.141809,-0.17309
-0.130638,-0.42773,0.799518,-0.022414,-0.028097,0.958936,-0.281336,-0.276101,0.265068,0.404782,0.257763,0.060075,0.001431,0.110792,-0.204956,-0.399074,0.309869,0.017778,0.247625,0.074075,0.087924,-0.049442,0.106312,0.066165,-0.21619,0.914249,0.815891,0.177515,0.081491,0.031656,-0.106972,0.09935,0.88415,-0.767834,0.1364,-0.161804
-0.135169,-0.442804,0.800833,-0.024536,-0.024389,0.957426,-0.2866,-0.265844,0.239397,0.405743,0.269357,0.035356,0.008667,0.121952,-0.228264,-0.395494,0.313159,0.065806,0.247715,0.074437,0.076031,-0.054684,0.090288,0.067062,-0.218736,0.909208,0.827408,0.164211,0.074233,0.048372,-0.099834,0.094271,0.87341,-0.763907,0.125127,-0.149692
-0.139449,-0.458028,0.80148,-0.026848,-0.020152,0.955657,-0.292564,-0.254756,0.211244,0.405805,0.278567,0.011038,0.016097,0.132189,-0.253909,-0.392242,0.319853,0.110786,0.247727,0.073592,0.0635,-0.060307,0.071953,0.064909,-0.215417,0.904578,0.833918,0.156377,0.075067,0.063102,-0.098143,0.101946,0.863867,-0.770186,0.117911,-0.139463
-0.143346,-0.473268,0.801312,-0.029681,-0.014951,0.953675,-0.298998,-0.242708,0.179402,0.405192,0.28395,-0.011697,0.023623,0.137437,-0.283747,-0.386485,0.336533,0.147147,0.247725,0.071911,0.050104,-0.066347,0.056037,0.064556,-0.204435,0.901799,0.836864,0.148634,0.08512,0.077957,-0.100296,0.112327,0.855848,-0.785454,0.118643,-0.12915
-0.146824,-0.48835,0.800237,-0.032936,-0.008529,0.951419,-0.306014,-0.23033,0.143754,0.402942,0.286957,-0.033072,0.030404,0.133636,-0.319058,-0.373408,0.370975,0.174753,0.247711,0.069606,0.035559,-0.072056,0.035681,0.056238,-0.190205,0.903132,0.838459,0.148512,0.101876,0.088445,-0.097627,0.119619,0.849377,-0.800641,0.132708,-0.117355
-0.149963,-0.503188,0.798325,-0.036133,-0.001225,0.948796,-0.313813,-0.218367,0.105871,0.397902,0.290467,-0.053887,0.036061,0.119991,-0.36253,-0.36027,0.425996,0.207499,0.247557,0.067012,0.019704,-0.076298,0.015545,0.04644,-0.176476,0.90494,0.838673,0.149132,0.119883,0.099838,-0.097184,0.119246,0.843784,-0.808078,0.143428,-0.103348
-0.152884,-0.517494,0.795524,-0.039009,0.00691,0.945595,-0.322924,-0.208303,0.06696,0.389158,0.298333,-0.075598,0.041642,0.097376,-0.411982,-0.346823,0.498854,0.248484,0.24479,0.063604,0.002481,-0.077912,-0.005434,0.036304,-0.167187,0.908209,0.839937,0.148476,0.135715,0.110839,-0.100198,0.117437,0.837062,-0.811231,0.147472,-0.089258
-0.155646,-0.530877,0.791966,-0.041368,0.0157,0.941828,-0.333171,-0.200059,0.02808,0.377303,0.311237,-0.098636,0.048587,0.066218,-0.466386,-0.342954,0.589201,0.284191,0.215541,0.059482,-0.015999,-0.076107,-0.027454,0.026734,-0.165007,0.913267,0.844787,0.145581,0.14763,0.120785,-0.108888,0.120048,0.828171,-0.816793,0.145857,-0.077484
-0.158653,-0.543665,0.789142,-0.043054,0.02485,0.937439,-0.344583,-0.190754,-0.010857,0.362488,0.325448,-0.123149,0.057397,0.031643,-0.532912,-0.354374,0.692015,0.310441,0.14427,0.054173,-0.035999,-0.070884,-0.04976,0.019018,-0.170204,0.919196,0.853381,0.139773,0.154572,0.129736,-0.121939,0.126847,0.816769,-0.826125,0.141978,-0.070096
-0.161832,-0.555452,0.785018,-0.044136,0.035013,0.931997,-0.358061,-0.180947,-0.050703,0.343295,0.341495,-0.148625,0.066405,-0.010407,-0.591154,-0.346064,0.799503,0.307431,0.084354,0.045124,-0.057524,-0.062195,-0.071288,0.013343,-0.181164,0.924685,0.863589,0.131016,0.157441,0.137404,-0.136564,0.133349,0.803682,-0.835034,0.139023,-0.068095
-0.165339,-0.566229,0.780863,-0.043441,0.045329,0.924796,-0.375247,-0.169993,-0.089098,0.316628,0.361403,-0.173762,0.074357,-0.081388,-0.577443,-0.246483,0.911419,0.244668,0.062696,0.02979,-0.077743,-0.049697,-0.091261,0.009541,-0.195473,0.929514,0.87302,0.120978,0.158582,0.143474,-0.150227,0.136425,0.791142,-0.839463,0.138163,-0.070923
-0.169201,-0.576311,0.777711,-0.041449,0.052168,0.917657,-0.391748,-0.158462,-0.117979,0.288355,0.38085,-0.194876,0.080739,-0.165184,-0.481499,-0.093196,1.014707,0.13935,0.089059,0.017032,-0.092869,-0.036821,-0.108964,0.007682,-0.21065,0.93469,0.880147,0.112709,0.159587,0.148166,-0.160473,0.136163,0.781762,-0.839217,0.139641,-0.076803
-0.173492,-0.585982,0.775866,-0.040222,0.055141,0.911914,-0.404666,-0.149198,-0.136435,0.264623,0.397527,-0.209677,0.085419,-0.233448,-0.393597,0.002519,1.083152,0.058057,0.114269,0.012869,-0.103121,-0.02692,-0.12302,0.006613,-0.224522,0.940485,0.883771,0.107603,0.160509,0.151973,-0.16717,0.134134,0.776157,-0.836761,0.143381,-0.082586
-0.178133,-0.595569,0.775317,-0.039359,0.054817,0.906259,-0.417301,-0.139067,-0.148445,0.24052,0.406646,-0.219138,0.089377,-0.289227,-0.335485,0.037804,1.110829,-0.011328,0.114652,0.011979,-0.109719,-0.019942,-0.131846,0.006486,-0.236145,0.945133,0.883285,0.104187,0.160143,0.155479,-0.16969,0.131749,0.772779,-0.83308,0.147602,-0.08557
-0.183034,-0.605138,0.775725,-0.039061,0.05276,0.899863,-0.431205,-0.128442,-0.157827,0.213397,0.41045,-0.225009,0.093015,-0.339085,-0.297298,0.034793,1.100797,-0.079367,0.090556,0.010207,-0.113525,-0.014585,-0.135103,0.007049,-0.246554,0.945989,0.878694,0.099273,0.158847,0.158398,-0.16986,0.129594,0.76933,-0.828255,0.150006,-0.085732
-0.188085,-0.61476,0.776802,-0.039285,0.049601,0.89269,-0.446207,-0.116835,-0.165725,0.183144,0.409596,-0.228201,0.096403,-0.383183,-0.263735,0.015213,1.058803,-0.131519,0.061841,0.006955,-0.114494,-0.009983,-0.133465,0.008821,-0.258564,0.942605,0.871623,0.091284,0.157666,0.1604,-0.169074,0.127838,0.765477,-0.822357,0.149713,-0.085272
-0.193146,-0.62453,0.77809,-0.039523,0.045377,0.885259,-0.46119,-0.103146,-0.171367,0.15133,0.404236,-0.229884,0.0995,-0.423418,-0.218432,-0.000493,0.990181,-0.173366,0.044956,0.003806,-0.112057,-0.005364,-0.127661,0.01282,-0.274569,0.936589,0.864934,0.081462,0.156344,0.161012,-0.167559,0.126632,0.7633,-0.816196,0.148205,-0.086202
-0.198117,-0.634496,0.778957,-0.039791,0.04072,0.878271,-0.474762,-0.087971,-0.175026,0.120847,0.396535,-0.231929,0.102363,-0.460455,-0.167651,-0.009368,0.901046,-0.191833,0.055029,0.003018,-0.106333,-0.000344,-0.117836,0.019001,-0.294064,0.929506,0.860676,0.072388,0.153624,0.15934,-0.165788,0.12614,0.76567,-0.810934,0.147671,-0.08862
-0.202917,-0.644764,0.779172,-0.040298,0.035885,0.871737,-0.486994,-0.072049,-0.177633,0.092066,0.38711,-0.234677,0.105358,-0.492862,-0.116937,-0.007834,0.796267,-0.181412,0.065386,0.005172,-0.098239,0.004896,-0.104273,0.026467,-0.313116,0.92226,0.857858,0.066927,0.149276,0.15427,-0.163448,0.12659,0.774354,-0.807614,0.149421,-0.091487
-0.207491,-0.655485,0.778971,-0.040902,0.030409,0.865131,-0.49895,-0.054661,-0.179417,0.062389,0.37362,-0.237057,0.108315,-0.519289,-0.064964,0.009905,0.679857,-0.144077,0.085699,0.009496,-0.088443,0.009855,-0.087968,0.034332,-0.328068,0.91578,0.853603,0.065403,0.144922,0.145657,-0.159431,0.127796,0.788828,-0.807056,0.153952,-0.093219
-0.212059,-0.666788,0.778332,-0.042124,0.026048,0.857722,-0.511722,-0.036184,-0.183597,0.031168,0.359387,-0.240693,0.111156,-0.532921,-0.02537,0.038244,0.549113,-0.089506,0.111954,0.014861,-0.077598,0.014155,-0.070109,0.040511,-0.339077,0.911749,0.846592,0.064701,0.143555,0.136222,-0.155642,0.127801,0.805315,-0.809206,0.16109,-0.092753
-0.216688,-0.678801,0.777474,-0.042962,0.022264,0.848808,-0.526482,-0.014101,-0.188509,-0.00376,0.342529,-0.243804,0.114434,-0.532323,0.008096,0.090863,0.414177,-0.039148,0.120228,0.019351,-0.065465,0.01806,-0.052249,0.046403,-0.347752,0.911145,0.838117,0.061993,0.147188,0.128805,-0.151005,0.124862,0.818705,-0.811451,0.167711,-0.09086
-0.221597,-0.691494,0.776325,-0.043245,0.019384,0.838574,-0.542722,0.010808,-0.193047,-0.040496,0.326639,-0.247668,0.118175,-0.522286,0.02871,0.152182,0.306751,-0.012196,0.14037,0.023129,-0.052448,0.021827,-0.035449,0.052499,-0.3547,0.914238,0.829044,0.057622,0.155361,0.125197,-0.146175,0.118681,0.824894,-0.811598,0.170152,-0.089997
-0.227061,-0.704797,0.774506,-0.043276,0.018363,0.827727,-0.559159,0.036396,-0.197461,-0.07493,0.317938,-0.254409,0.122257,-0.519762,0.030045,0.181926,0.274532,0.021673,0.155061,0.027266,-0.040488,0.025659,-0.020253,0.058806,-0.359913,0.921145,0.820077,0.055499,0.165075,0.125444,-0.142377,0.111043,0.823223,-0.809683,0.166475,-0.093043
-0.233108,-0.718668,0.771319,-0.043281,0.018818,0.817345,-0.574212,0.060422,-0.200842,-0.102694,0.319447,-0.260304,0.126924,-0.520938,0.012086,0.156667,0.313644,0.054584,0.13674,0.032036,-0.030355,0.028512,-0.005045,0.066244,-0.362813,0.930872,0.81282,0.060262,0.173686,0.127289,-0.138825,0.104724,0.818596,-0.808068,0.159614,-0.101767
-0.239442,-0.732788,0.769502,-0.041906,0.018517,0.807694,-0.587819,0.083094,-0.198503,-0.124085,0.327028,-0.260923,0.132772,-0.520864,-0.003807,0.122346,0.371588,0.049585,0.11297,0.035037,-0.019315,0.029747,0.017394,0.07611,-0.360152,0.935453,0.810135,0.076012,0.179494,0.122952,-0.128486,0.101996,0.823995,-0.80894,0.157627,-0.117817
-0.245663,-0.74697,0.77158,-0.039224,0.016636,0.799127,-0.599651,0.101051,-0.189495,-0.136444,0.33986,-0.238926,0.143203,-0.508925,-0.012937,0.095061,0.405329,0.028115,0.09974,0.036113,-0.005425,0.028536,0.044467,0.087261,-0.350423,0.941093,0.806386,0.099011,0.184821,0.124837,-0.124282,0.096291,0.837222,-0.81031,0.149613,-0.132665
-0.251956,-0.761878,0.778533,-0.036068,0.013582,0.791168,-0.610383,0.114553,-0.178047,-0.140259,0.363846,-0.18829,0.160381,-0.478879,-0.020015,0.06936,0.409073,0.008657,0.090209,0.036107,0.010735,0.024646,0.071499,0.095175,-0.33437,0.949881,0.800353,0.126151,0.186523,0.120988,-0.1172,0.090764,0.855565,-0.813457,0.150406,-0.138125
-0.257815,-0.776384,0.784229,-0.032815,0.009011,0.783119,-0.620941,0.116629,-0.164131,-0.146643,0.391279,-0.122177,0.16721,-0.43916,-0.026453,0.039669,0.389335,-0.01064,0.094842,0.036034,0.027482,0.018147,0.093207,0.104152,-0.320193,0.964188,0.793773,0.147733,0.17904,0.116323,-0.112136,0.08261,0.874647,-0.818647,0.148272,-0.134428
-0.263462,-0.790513,0.789294,-0.029362,0.003477,0.774548,-0.631823,0.104976,-0.151085,-0.160185,0.437147,-0.04542,0.16241,-0.396369,-0.031024,0.007311,0.360144,-0.026794,0.113008,0.035992,0.043408,0.010701,0.108106,0.111114,-0.321337,0.97768,0.79558,0.163906,0.158684,0.106882,-0.104736,0.076993,0.89166,-0.825097,0.144595,-0.129892
-0.269182,-0.804046,0.792647,-0.025671,-0.001691,0.764807,-0.643746,0.075941,-0.137257,-0.164343,0.513066,0.032518,0.149543,-0.358973,-0.033754,-0.026688,0.339861,-0.043084,0.12427,0.034639,0.057339,0.004874,0.114707,0.130233,-0.338913,0.983463,0.8084,0.161261,0.119181,0.099443,-0.099134,0.073499,0.900122,-0.83121,0.13528,-0.129698
-0.274947,-0.816754,0.792892,-0.020791,-0.006827,0.753926,-0.656594,0.026112,-0.118533,-0.155194,0.627109,0.101977,0.097954,-0.331533,-0.032718,-0.063166,0.337684,-0.064321,0.117675,0.031632,0.06911,0.002632,0.113969,0.158513,-0.367474,0.976978,0.829691,0.142381,0.072725,0.095786,-0.089941,0.074841,0.89643,-0.835319,0.125802,-0.135678
-0.28062,-0.828589,0.789885,-0.01362,-0.012883,0.742091,-0.670037,-0.043957,-0.088501,-0.136807,0.773878,0.165252,-0.001635,-0.31335,-0.026315,-0.102947,0.353473,-0.092229,0.100543,0.027235,0.079926,0.003916,0.112089,0.199209,-0.393412,0.952783,0.848316,0.11077,0.032915,0.088959,-0.078847,0.078414,0.891374,-0.836857,0.113287,-0.143723
-0.2865,-0.840266,0.786633,-0.005341,-0.018909,0.730092,-0.683066,-0.123623,-0.043567,-0.106334,0.927476,0.229522,-0.097639,-0.295638,-0.016307,-0.143288,0.372293,-0.12145,0.079584,0.022206,0.091125,0.006791,0.110677,0.241156,-0.404649,0.914591,0.855138,0.080611,0.010856,0.077042,-0.069106,0.08685,0.888591,-0.838717,0.10026,-0.150311
-0.291978,-0.852062,0.783123,0.004083,-0.025735,0.718935,-0.694589,-0.207477,0.010826,-0.078511,1.069036,0.278852,-0.138681,-0.277993,-0.001705,-0.181802,0.390849,-0.150403,0.061635,0.018657,0.103604,0.010346,0.113227,0.275011,-0.392283,0.867689,0.849013,0.066429,0.012402,0.056489,-0.062506,0.101047,0.888125,-0.842957,0.093874,-0.150436
-0.296889,-0.864327,0.78023,0.012927,-0.031782,0.70971,-0.703658,-0.285828,0.047937,-0.069556,1.18116,0.25776,-0.138056,-0.256825,0.014321,-0.214188,0.402062,-0.177179,0.051169,0.017985,0.116379,0.013683,0.118103,0.289626,-0.355517,0.825065,0.828634,0.073717,0.040576,0.034209,-0.06233,0.116549,0.892925,-0.849071,0.091962,-0.148205
-0.301095,-0.877229,0.778195,0.020479,-0.036232,0.702528,-0.710439,-0.356814,0.061344,-0.070778,1.251029,0.192971,-0.131437,-0.23171,0.029483,-0.23901,0.406018,-0.201557,0.046359,0.019404,0.127264,0.016789,0.126841,0.281097,-0.29948,0.790456,0.796524,0.100062,0.091787,0.011207,-0.064767,0.12773,0.901304,-0.852895,0.097054,-0.14387
-0.304632,-0.890769,0.777024,0.025776,-0.038522,0.697604,-0.714982,-0.416288,0.061419,-0.070035,1.274609,0.135714,-0.124296,-0.204256,0.041764,-0.255387,0.404789,-0.223039,0.041336,0.02244,0.134552,0.019366,0.138002,0.25369,-0.238326,0.762462,0.757788,0.134562,0.153565,-0.010617,-0.066911,0.132065,0.90903,-0.851742,0.107853,-0.139069
-0.307492,-0.904751,0.776251,0.029311,-0.039706,0.694816,-0.717492,-0.466194,0.055719,-0.065678,1.256731,0.072649,-0.103639,-0.179884,0.051519,-0.264451,0.407483,-0.245206,0.034871,0.027388,0.138054,0.021491,0.148491,0.221448,-0.192117,0.738872,0.722806,0.162987,0.205753,-0.030174,-0.067437,0.131425,0.910856,-0.84576,0.11866,-0.136998
-0.309759,-0.919117,0.775707,0.031021,-0.040244,0.693688,-0.718481,-0.509426,0.051987,-0.058501,1.203472,0.000916,-0.096589,-0.159002,0.058429,-0.267583,0.414306,-0.269053,0.028522,0.034158,0.138255,0.022996,0.156536,0.197259,-0.175825,0.719907,0.703163,0.175228,0.229387,-0.046776,-0.068165,0.129817,0.903834,-0.836704,0.123006,-0.140497
-0.311596,-0.933885,0.775581,0.030427,-0.040058,0.693631,-0.718572,-0.542773,0.054,-0.045154,1.113402,-0.052262,-0.076743,-0.137083,0.062285,-0.266378,0.415571,-0.290761,0.023832,0.042384,0.135814,0.023568,0.161686,0.184961,-0.188822,0.707455,0.7045,0.170229,0.220889,-0.059301,-0.071511,0.130264,0.888397,-0.825326,0.117142,-0.1498
-0.312993,-0.94903,0.77556,0.028663,-0.039671,0.693923,-0.718384,-0.564986,0.055622,-0.031609,0.992723,-0.083244,-0.058113,-0.111943,0.064753,-0.263021,0.408635,-0.309011,0.021249,0.051253,0.131418,0.023547,0.164197,0.181167,-0.216875,0.703417,0.722765,0.155599,0.19279,-0.066708,-0.077038,0.134967,0.868385,-0.812581,0.102643,-0.163149
-0.313965,-0.964558,0.775292,0.026578,-0.039005,0.69435,-0.718088,-0.573978,0.058426,-0.016938,0.84609,-0.094697,-0.029776,-0.082147,0.066754,-0.2585,0.392928,-0.323148,0.019823,0.06,0.126136,0.023266,0.161729,0.177887,-0.245699,0.713517,0.746602,0.140138,0.159418,-0.066059,-0.084906,0.145377,0.848307,-0.800517,0.083101,-0.178035
-0.314507,-0.980542,0.774674,0.024585,-0.037976,0.695159,-0.717431,-0.572171,0.058454,-0.004447,0.685561,-0.072407,-0.004848,-0.048121,0.068429,-0.252976,0.370831,-0.334657,0.019543,0.068515,0.120783,0.023137,0.162084,0.170318,-0.266993,0.729406,0.770722,0.129146,0.126729,-0.064609,-0.092478,0.160228,0.831484,-0.790555,0.068975,-0.186542
-0.314591,-0.997127,0.773716,0.02265,-0.037095,0.696867,-0.715882,-0.561021,0.049915,-0.009902,0.520775,-0.014279,-0.009973,-0.01297,0.069921,-0.245288,0.347371,-0.344869,0.020444,0.076661,0.115142,0.023139,0.165805,0.157608,-0.275181,0.747611,0.789958,0.123925,0.099772,-0.062386,-0.098762,0.177637,0.819741,-0.782276,0.061196,-0.187471
-0.314267,-1.01445,0.77256,0.019813,-0.036326,0.699374,-0.713557,-0.545382,0.0383,-0.026467,0.36456,0.058447,-0.020524,0.021582,0.069768,-0.23495,0.323483,-0.351345,0.022437,0.08342,0.108782,0.023022,0.174115,0.136082,-0.261826,0.764724,0.79206,0.125287,0.08714,-0.060932,-0.104273,0.196312,0.814424,-0.776186,0.059526,-0.182207
-0.31337,-1.032773,0.770995,0.017101,-0.035771,0.701876,-0.711194,-0.531062,0.030103,-0.035998,0.246078,0.087025,-0.024329,0.055298,0.068206,-0.223484,0.304399,-0.357688,0.026406,0.08751,0.101672,0.022787,0.187374,0.106,-0.223212,0.779465,0.766599,0.133353,0.093202,-0.059236,-0.10911,0.216032,0.816446,-0.77498,0.063566,-0.173824
-0.311734,-1.052262,0.769219,0.014915,-0.034374,0.70386,-0.70935,-0.518967,0.024484,-0.032522,0.190319,0.115262,-0.021427,0.090638,0.063613,-0.212245,0.290745,-0.364096,0.031248,0.089329,0.093708,0.022543,0.20107,0.075855,-0.177081,0.794437,0.728403,0.143749,0.110881,-0.053861,-0.114149,0.235116,0.824266,-0.781023,0.073425,-0.165158
-0.30928,-1.072819,0.767592,0.012633,-0.030732,0.705424,-0.708006,-0.505414,0.017155,-0.022141,0.198379,0.16983,-0.024541,0.12715,0.052251,-0.201735,0.285196,-0.364112,0.040438,0.090336,0.084102,0.022463,0.208582,0.058777,-0.155963,0.815993,0.71535,0.15313,0.123907,-0.041218,-0.119184,0.248128,0.834711,-0.790554,0.088,-0.159175
-0.306095,-1.094078,0.765616,0.009759,-0.024843,0.706195,-0.707514,-0.479113,0.003217,-0.008875,0.223883,0.209573,0.005983,0.160082,0.032736,-0.193861,0.294414,-0.342738,0.051577,0.091352,0.071963,0.022275,0.205799,0.059191,-0.174019,0.848866,0.748906,0.160855,0.122815,-0.019454,-0.121581,0.247665,0.846645,-0.794535,0.105905,-0.159649
-0.302715,-1.115375,0.77109,0.004225,-0.01661,0.705412,-0.70859,-0.453332,-0.020204,0.004966,0.244659,0.196572,0.023333,0.18671,0.004642,-0.190348,0.317537,-0.302674,0.057374,0.091988,0.056055,0.021465,0.193415,0.06604,-0.211478,0.891183,0.809821,0.165753,0.114484,0.009939,-0.121217,0.2312,0.861974,-0.787801,0.127044,-0.165421
-0.299415,-1.136386,0.776275,-0.00199,-0.008711,0.703495,-0.710644,-0.422627,-0.045043,0.015096,0.255938,0.164052,0.022057,0.193591,-0.02604,-0.189089,0.364563,-0.234421,0.053195,0.091728,0.037561,0.019319,0.177821,0.069499,-0.233106,0.933607,0.859561,0.171102,0.109249,0.042409,-0.11674,0.208895,0.883451,-0.775964,0.150035,-0.167148
-0.296428,-1.156753,0.781089,-0.008567,-0.002069,0.702447,-0.711682,-0.390786,-0.066253,0.025326,0.258745,0.132733,0.012809,0.179397,-0.057295,-0.18598,0.437329,-0.146678,0.044844,0.090172,0.019401,0.015706,0.165803,0.064979,-0.22141,0.964948,0.87624,0.179269,0.109864,0.070732,-0.114527,0.198965,0.909722,-0.772682,0.170393,-0.150117
-0.293635,-1.176303,0.784088,-0.01462,0.00354,0.703169,-0.710864,-0.363722,-0.083324,0.037685,0.265211,0.100239,0.01624,0.142288,-0.090908,-0.178351,0.543245,-0.04769,0.055073,0.087016,0.003545,0.012134,0.15887,0.055212,-0.185084,0.977666,0.864753,0.185301,0.116697,0.090533,-0.121797,0.213703,0.933832,-0.786316,0.178476,-0.106103
-0.290868,-1.194756,0.783584,-0.019445,0.009048,0.704698,-0.709183,-0.345039,-0.098729,0.050953,0.284864,0.06604,0.030968,0.082156,-0.129665,-0.172341,0.685669,0.043102,0.063834,0.082022,-0.010475,0.011061,0.153388,0.045575,-0.146597,0.973731,0.843246,0.180971,0.128894,0.102995,-0.141798,0.249774,0.94568,-0.814883,0.165941,-0.043848
-0.288179,-1.212672,0.781213,-0.024096,0.015902,0.705979,-0.707644,-0.332559,-0.115861,0.064654,0.318058,0.025726,0.041309,0.007458,-0.176681,-0.166712,0.844658,0.138406,0.07,0.074878,-0.024706,0.013799,0.144093,0.039959,-0.124979,0.963138,0.828719,0.164874,0.143454,0.112429,-0.172371,0.288804,0.937464,-0.847845,0.136947,0.012912
-0.285712,-1.230186,0.778244,-0.028938,0.024336,0.707351,-0.70585,-0.318361,-0.135113,0.079082,0.351446,-0.016018,0.051481,-0.069878,-0.229791,-0.154776,0.993551,0.219648,0.107788,0.066053,-0.040281,0.019476,0.130646,0.043796,-0.123055,0.958941,0.830072,0.138544,0.160005,0.125051,-0.203316,0.308767,0.908539,-0.871049,0.110518,0.040301
-0.283537,-1.247483,0.775812,-0.033434,0.034066,0.709253,-0.703337,-0.29579,-0.155232,0.093729,0.373543,-0.053186,0.06082,-0.148072,-0.272023,-0.12922,1.118809,0.246349,0.131094,0.056363,-0.056544,0.026571,0.104737,0.04866,-0.134539,0.962188,0.846506,0.124422,0.173573,0.138217,-0.21641,0.298202,0.873848,-0.874311,0.107661,0.026898
-0.281699,-1.264661,0.774362,-0.035864,0.043278,0.711865,-0.700064,-0.265431,-0.171877,0.106312,0.385143,-0.085205,0.068826,-0.227039,-0.279691,-0.090485,1.20743,0.168566,0.13908,0.04809,-0.070516,0.033402,0.075655,0.056657,-0.146909,0.968927,0.867456,0.121718,0.183075,0.154564,-0.215854,0.256194,0.839696,-0.852716,0.11945,-0.018173
-0.280255,-1.281775,0.773802,-0.036441,0.050194,0.714451,-0.69693,-0.232983,-0.183597,0.114746,0.391653,-0.113852,0.075432,-0.296462,-0.279977,-0.066317,1.247567,0.102834,0.134159,0.041724,-0.080471,0.038344,0.045344,0.063018,-0.150666,0.976535,0.88299,0.128205,0.190188,0.171155,-0.201865,0.198832,0.809717,-0.81452,0.135888,-0.077694
-0.279232,-1.29874,0.773813,-0.036014,0.054328,0.715893,-0.695161,-0.203946,-0.191218,0.117803,0.399524,-0.142032,0.080546,-0.355622,-0.272348,-0.054782,1.2419,0.041876,0.122234,0.035004,-0.08637,0.041191,0.014845,0.064954,-0.143811,0.981419,0.888624,0.139141,0.19756,0.183938,-0.183445,0.145588,0.783787,-0.774216,0.1482,-0.128883
-0.27857,-1.315503,0.774208,-0.035478,0.055866,0.716329,-0.694617,-0.17982,-0.195502,0.116847,0.409669,-0.170165,0.083984,-0.405524,-0.256106,-0.050478,1.195278,-0.038773,0.099574,0.026783,-0.088741,0.042237,-0.016893,0.060634,-0.131555,0.980687,0.885806,0.150847,0.206201,0.193227,-0.169567,0.109614,0.757579,-0.746831,0.1547,-0.156582
-0.27811,-1.332124,0.77509,-0.034646,0.054763,0.716389,-0.694686,-0.156214,-0.196035,0.112786,0.414234,-0.19488,0.085866,-0.446532,-0.242459,-0.057988,1.11078,-0.097731,0.093725,0.017453,-0.088138,0.04173,-0.044553,0.05647,-0.121695,0.973805,0.878849,0.153353,0.215844,0.195163,-0.16325,0.094183,0.735648,-0.736385,0.155747,-0.162068
-0.27781,-1.34861,0.776034,-0.03437,0.052302,0.716422,-0.694855,-0.132006,-0.195219,0.107422,0.411777,-0.215322,0.086521,-0.477574,-0.230406,-0.074383,0.995274,-0.129211,0.080951,0.007662,-0.085489,0.039979,-0.069436,0.053667,-0.121132,0.962651,0.872401,0.145158,0.221968,0.192165,-0.162383,0.091418,0.719046,-0.739143,0.153406,-0.156598
-0.277512,-1.364999,0.776774,-0.034208,0.048085,0.716548,-0.695037,-0.10556,-0.192494,0.100373,0.398804,-0.229347,0.086263,-0.49757,-0.217529,-0.097948,0.856588,-0.133631,0.078932,-0.001234,-0.081202,0.036805,-0.091944,0.054463,-0.132564,0.949313,0.87022,0.129694,0.222166,0.185892,-0.160253,0.091134,0.70962,-0.746226,0.151487,-0.149386
-0.277188,-1.381378,0.77709,-0.034679,0.042931,0.716391,-0.695513,-0.078353,-0.189703,0.092096,0.378918,-0.238086,0.085639,-0.507792,-0.196447,-0.11919,0.702446,-0.116836,0.067872,-0.008678,-0.075705,0.032281,-0.110392,0.059706,-0.153376,0.933163,0.871949,0.109991,0.215761,0.174765,-0.154601,0.087031,0.711446,-0.751316,0.152931,-0.143996
-0.276853,-1.397912,0.777082,-0.035786,0.037422,0.715525,-0.696665,-0.051374,-0.187621,0.082479,0.356322,-0.243364,0.084999,-0.510486,-0.166654,-0.125622,0.543091,-0.082042,0.086113,-0.014453,-0.069296,0.026771,-0.127967,0.062567,-0.179228,0.918775,0.875432,0.092667,0.206448,0.167567,-0.145558,0.077283,0.715677,-0.754193,0.157187,-0.140566
-0.276595,-1.414822,0.776758,-0.037491,0.03232,0.713765,-0.698634,-0.02473,-0.186973,0.071432,0.334563,-0.247243,0.08462,-0.507211,-0.138365,-0.12207,0.389786,-0.042145,0.128707,-0.018255,-0.062666,0.020888,-0.143308,0.061955,-0.20543,0.907457,0.877859,0.078767,0.19587,0.164898,-0.134703,0.062755,0.719892,-0.755153,0.162314,-0.138832
-0.276482,-1.432272,0.776121,-0.039163,0.027425,0.711207,-0.701355,0.001754,-0.186451,0.058791,0.315398,-0.250333,0.084555,-0.49864,-0.111375,-0.109944,0.257739,-0.022532,0.146188,-0.020756,-0.056238,0.015233,-0.154922,0.058285,-0.229016,0.898914,0.878125,0.068888,0.185552,0.166036,-0.122855,0.047105,0.723952,-0.755717,0.166509,-0.13824
-0.276891,-1.450495,0.774744,-0.041159,0.025469,0.707724,-0.704829,0.026315,-0.18878,0.045682,0.31122,-0.259236,0.084432,-0.50345,-0.094893,-0.088386,0.200231,-0.030116,0.189818,-0.022935,-0.050407,0.011405,-0.160642,0.050152,-0.249145,0.892165,0.876133,0.062064,0.1776,0.170576,-0.114713,0.033786,0.72838,-0.758424,0.169419,-0.136962
