0.000000,0.000000,0.950000,0.000000,0.000000,-0.000000,1.000000,0.000000,0.000000,-0.000000,0.300000,-0.150000,0.000000,0.000000,0.000000,-0.000000,0.300000,-0.150000,0.000000,-0.000000,0.000000,0.000000,0.300000,0.200000,0.000000,0.000000,0.000000,0.000000,0.000000,0.300000,-0.200000,0.000000,0.000000,0.000000,0.000000,0.000000,0.000000
0.000000,0.000000,0.956840,0.000000,0.000000,-0.008727,0.999962,0.000000,0.000000,-0.102606,0.402606,-0.150000,0.000000,0.000000,0.000000,-0.000000,0.300000,-0.150000,0.000000,-0.002222,0.000000,0.000000,0.300000,0.200000,0.000000,0.000000,0.000000,0.000000,0.000000,0.300000,-0.200000,0.000000,0.000000,0.000000,0.000000,0.000000,0.000000
0.000000,0.000000,0.962856,0.000000,0.000000,-0.017452,0.999848,0.000000,0.000000,-0.192836,0.492836,-0.150000,0.000000,0.000000,0.000000,-0.000000,0.300000,-0.150000,0.000000,-0.004444,0.000000,0.000000,0.300000,0.200000,0.000000,0.000000,0.000000,0.000000,0.000000,0.300000,-0.200000,0.000000,0.000000,0.000000,0.000000,0.000000,0.000000
0.000000,0.000000,0.967321,0.000000,0.000000,-0.026177,0.999657,0.000000,0.000000,-0.259808,0.559808,-0.150000,0.000000,0.000000,0.000000,-0.000000,0.300000,-0.150000,0.000000,-0.006667,0.000000,0.000000,0.300000,0.200000,0.000000,0.000000,0.000000,0.000000,0.000000,0.300000,-0.200000,0.000000,0.000000,0.000000,0.000000,0.000000,0.000000
0.000000,0.000000,0.969696,0.000000,0.000000,-0.034899,0.999391,0.000000,0.000000,-0.295442,0.595442,-0.150000,0.000000,0.000000,0.000000,-0.000000,0.300000,-0.150000,0.000000,-0.008889,0.000000,0.000000,0.300000,0.200000,0.000000,0.000000,0.000000,0.000000,0.000000,0.300000,-0.200000,0.000000,0.000000,0.000000,0.000000,0.000000,0.000000
0.000000,0.000000,0.969696,0.000000,0.000000,-0.043619,0.999048,0.000000,0.000000,-0.295442,0.595442,-0.150000,0.000000,0.000000,0.000000,-0.000000,0.300000,-0.150000,0.000000,-0.011111,0.000000,0.000000,0.300000,0.200000,0.000000,0.000000,0.000000,0.000000,0.000000,0.300000,-0.200000,0.000000,0.000000,0.000000,0.000000,0.000000,0.000000
0.000000,0.000000,0.967321,0.000000,0.000000,-0.052336,0.998630,0.000000,0.000000,-0.259808,0.559808,-0.150000,0.000000,0.000000,0.000000,-0.000000,0.300000,-0.150000,0.000000,-0.013333,0.000000,0.000000,0.300000,0.200000,0.000000,0.000000,0.000000,0.000000,0.000000,0.300000,-0.200000,0.000000,0.000000,0.000000,0.000000,0.000000,0.000000
0.000000,0.000000,0.962856,0.000000,0.000000,-0.061049,0.998135,0.000000,0.000000,-0.192836,0.492836,-0.150000,0.000000,0.000000,0.000000,-0.000000,0.300000,-0.150000,0.000000,-0.015556,0.000000,0.000000,0.300000,0.200000,0.000000,0.000000,0.000000,0.000000,0.000000,0.300000,-0.200000,0.000000,0.000000,0.000000,0.000000,0.000000,0.000000
0.000000,0.000000,0.956840,0.000000,0.000000,-0.069756,0.997564,0.000000,0.000000,-0.102606,0.402606,-0.150000,0.000000,0.000000,0.000000,-0.000000,0.300000,-0.150000,0.000000,-0.017778,0.000000,0.000000,0.300000,0.200000,0.000000,0.000000,0.000000,0.000000,0.000000,0.300000,-0.200000,0.000000,0.000000,0.000000,0.000000,0.000000,0.000000
0.000000,0.000000,0.950000,0.000000,0.000000,-0.078459,0.996917,0.000000,0.000000,-0.000000,0.300000,-0.150000,0.000000,0.000000,0.000000,-0.000000,0.300000,-0.150000,0.000000,-0.020000,0.000000,0.000000,0.300000,0.200000,0.000000,0.000000,0.000000,0.000000,0.000000,0.300000,-0.200000,0.000000,0.000000,0.000000,0.000000,0.000000,0.000000
0.000000,0.000000,0.956840,0.000000,0.000000,-0.087156,0.996195,0.000000,0.000000,-0.000000,0.300000,-0.150000,0.000000,0.000000,0.000000,-0.102606,0.402606,-0.150000,0.000000,-0.022222,0.000000,0.000000,0.300000,0.200000,0.000000,0.000000,0.000000,0.000000,0.000000,0.300000,-0.200000,0.000000,0.000000,0.000000,0.000000,0.000000,0.000000
0.000000,0.000000,0.962856,0.000000,0.000000,-0.095846,0.995396,0.000000,0.000000,-0.000000,0.300000,-0.150000,0.000000,0.000000,0.000000,-0.192836,0.492836,-0.150000,0.000000,-0.024444,0.000000,0.000000,0.300000,0.200000,0.000000,0.000000,0.000000,0.000000,0.000000,0.300000,-0.200000,0.000000,0.000000,0.000000,0.000000,0.000000,0.000000
0.000000,0.000000,0.967321,0.000000,0.000000,-0.104528,0.994522,0.000000,0.000000,-0.000000,0.300000,-0.150000,0.000000,0.000000,0.000000,-0.259808,0.559808,-0.150000,0.000000,-0.026667,0.000000,0.000000,0.300000,0.200000,0.000000,0.000000,0.000000,0.000000,0.000000,0.300000,-0.200000,0.000000,0.000000,0.000000,0.000000,0.000000,0.000000
0.000000,0.000000,0.969696,0.000000,0.000000,-0.113203,0.993572,0.000000,0.000000,-0.000000,0.300000,-0.150000,0.000000,0.000000,0.000000,-0.295442,0.595442,-0.150000,0.000000,-0.028889,0.000000,0.000000,0.300000,0.200000,0.000000,0.000000,0.000000,0.000000,0.000000,0.300000,-0.200000,0.000000,0.000000,0.000000,0.000000,0.000000,0.000000
0.000000,0.000000,0.969696,0.000000,0.000000,-0.121869,0.992546,0.000000,0.000000,-0.000000,0.300000,-0.150000,0.000000,0.000000,0.000000,-0.295442,0.595442,-0.150000,0.000000,-0.031111,0.000000,0.000000,0.300000,0.200000,0.000000,0.000000,0.000000,0.000000,0.000000,0.300000,-0.200000,0.000000,0.000000,0.000000,0.000000,0.000000,0.000000
0.000000,0.000000,0.967321,0.000000,0.000000,-0.130526,0.991445,0.000000,0.000000,-0.000000,0.300000,-0.150000,0.000000,0.000000,0.000000,-0.259808,0.559808,-0.150000,0.000000,-0.033333,0.000000,0.000000,0.300000,0.200000,0.000000,0.000000,0.000000,0.000000,0.000000,0.300000,-0.200000,0.000000,0.000000,0.000000,0.000000,0.000000,0.000000
0.000000,0.000000,0.962856,0.000000,0.000000,-0.139173,0.990268,0.000000,0.000000,-0.000000,0.300000,-0.150000,0.000000,0.000000,0.000000,-0.192836,0.492836,-0.150000,0.000000,-0.035556,0.000000,0.000000,0.300000,0.200000,0.000000,0.000000,0.000000,0.000000,0.000000,0.300000,-0.200000,0.000000,0.000000,0.000000,0.000000,0.000000,0.000000
0.000000,0.000000,0.956840,0.000000,0.000000,-0.147809,0.989016,0.000000,0.000000,-0.000000,0.300000,-0.150000,0.000000,0.000000,0.000000,-0.102606,0.402606,-0.150000,0.000000,-0.037778,0.000000,0.000000,0.300000,0.200000,0.000000,0.000000,0.000000,0.000000,0.000000,0.300000,-0.200000,0.000000,0.000000,0.000000,0.000000,0.000000,0.000000
0.000000,0.000000,0.950000,0.000000,0.000000,-0.156434,0.987688,0.000000,0.000000,-0.000000,0.300000,-0.150000,0.000000,0.000000,0.000000,-0.000000,0.300000,-0.150000,0.000000,-0.040000,0.000000,0.000000,0.300000,0.200000,0.000000,0.000000,0.000000,0.000000,0.000000,0.300000,-0.200000,0.000000,0.000000,0.000000,0.000000,0.000000,0.000000
0.000000,0.000000,0.956840,0.000000,0.000000,-0.165048,0.986286,0.000000,0.000000,-0.102606,0.402606,-0.150000,0.000000,0.000000,0.000000,-0.000000,0.300000,-0.150000,0.000000,-0.042222,0.000000,0.000000,0.300000,0.200000,0.000000,0.000000,0.000000,0.000000,0.000000,0.300000,-0.200000,0.000000,0.000000,0.000000,0.000000,0.000000,0.000000
0.000000,0.000000,0.962856,0.000000,0.000000,-0.173648,0.984808,0.000000,0.000000,-0.192836,0.492836,-0.150000,0.000000,0.000000,0.000000,-0.000000,0.300000,-0.150000,0.000000,-0.044444,0.000000,0.000000,0.300000,0.200000,0.000000,0.000000,0.000000,0.000000,0.000000,0.300000,-0.200000,0.000000,0.000000,0.000000,0.000000,0.000000,0.000000
0.000000,0.000000,0.967321,0.000000,0.000000,-0.182236,0.983255,0.000000,0.000000,-0.259808,0.559808,-0.150000,0.000000,0.000000,0.000000,-0.000000,0.300000,-0.150000,0.000000,-0.046667,0.000000,0.000000,0.300000,0.200000,0.000000,0.000000,0.000000,0.000000,0.000000,0.300000,-0.200000,0.000000,0.000000,0.000000,0.000000,0.000000,0.000000
0.000000,0.000000,0.969696,0.000000,0.000000,-0.190809,0.981627,0.000000,0.000000,-0.295442,0.595442,-0.150000,0.000000,0.000000,0.000000,-0.000000,0.300000,-0.150000,0.000000,-0.048889,0.000000,0.000000,0.300000,0.200000,0.000000,0.000000,0.000000,0.000000,0.000000,0.300000,-0.200000,0.000000,0.000000,0.000000,0.000000,0.000000,0.000000
0.000000,0.000000,0.969696,0.000000,0.000000,-0.199368,0.979925,0.000000,0.000000,-0.295442,0.595442,-0.150000,0.000000,0.000000,0.000000,-0.000000,0.300000,-0.150000,0.000000,-0.051111,0.000000,0.000000,0.300000,0.200000,0.000000,0.000000,0.000000,0.000000,0.000000,0.300000,-0.200000,0.000000,0.000000,0.000000,0.000000,0.000000,0.000000
0.000000,0.000000,0.967321,0.000000,0.000000,-0.207912,0.978148,0.000000,0.000000,-0.259808,0.559808,-0.150000,0.000000,0.000000,0.000000,-0.000000,0.300000,-0.150000,0.000000,-0.053333,0.000000,0.000000,0.300000,0.200000,0.000000,0.000000,0.000000,0.000000,0.000000,0.300000,-0.200000,0.000000,0.000000,0.000000,0.000000,0.000000,0.000000
0.000000,0.000000,0.962856,0.000000,0.000000,-0.216440,0.976296,0.000000,0.000000,-0.192836,0.492836,-0.150000,0.000000,0.000000,0.000000,-0.000000,0.300000,-0.150000,0.000000,-0.055556,0.000000,0.000000,0.300000,0.200000,0.000000,0.000000,0.000000,0.000000,0.000000,0.300000,-0.200000,0.000000,0.000000,0.000000,0.000000,0.000000,0.000000
0.000000,0.000000,0.956840,0.000000,0.000000,-0.224951,0.974370,0.000000,0.000000,-0.102606,0.402606,-0.150000,0.000000,0.000000,0.000000,-0.000000,0.300000,-0.150000,0.000000,-0.057778,0.000000,0.000000,0.300000,0.200000,0.000000,0.000000,0.000000,0.000000,0.000000,0.300000,-0.200000,0.000000,0.000000,0.000000,0.000000,0.000000,0.000000
0.000000,0.000000,0.950000,0.000000,0.000000,-0.233445,0.972370,0.000000,0.000000,-0.000000,0.300000,-0.150000,0.000000,0.000000,0.000000,-0.000000,0.300000,-0.150000,0.000000,-0.060000,0.000000,0.000000,0.300000,0.200000,0.000000,0.000000,0.000000,0.000000,0.000000,0.300000,-0.200000,0.000000,0.000000,0.000000,0.000000,0.000000,0.000000
0.000000,0.000000,0.956840,0.000000,0.000000,-0.241922,0.970296,0.000000,0.000000,-0.000000,0.300000,-0.150000,0.000000,0.000000,0.000000,-0.102606,0.402606,-0.150000,0.000000,-0.062222,0.000000,0.000000,0.300000,0.200000,0.000000,0.000000,0.000000,0.000000,0.000000,0.300000,-0.200000,0.000000,0.000000,0.000000,0.000000,0.000000,0.000000
0.000000,0.000000,0.962856,0.000000,0.000000,-0.250380,0.968148,0.000000,0.000000,-0.000000,0.300000,-0.150000,0.000000,0.000000,0.000000,-0.192836,0.492836,-0.150000,0.000000,-0.064444,0.000000,0.000000,0.300000,0.200000,0.000000,0.000000,0.000000,0.000000,0.000000,0.300000,-0.200000,0.000000,0.000000,0.000000,0.000000,0.000000,0.000000
0.000000,0.000000,0.967321,0.000000,0.000000,-0.258819,0.965926,0.000000,0.000000,-0.000000,0.300000,-0.150000,0.000000,0.000000,0.000000,-0.259808,0.559808,-0.150000,0.000000,-0.066667,0.000000,0.000000,0.300000,0.200000,0.000000,0.000000,0.000000,0.000000,0.000000,0.300000,-0.200000,0.000000,0.000000,0.000000,0.000000,0.000000,0.000000
0.000000,0.000000,0.969696,0.000000,0.000000,-0.267238,0.963630,0.000000,0.000000,-0.000000,0.300000,-0.150000,0.000000,0.000000,0.000000,-0.295442,0.595442,-0.150000,0.000000,-0.068889,0.000000,0.000000,0.300000,0.200000,0.000000,0.000000,0.000000,0.000000,0.000000,0.300000,-0.200000,0.000000,0.000000,0.000000,0.000000,0.000000,0.000000
0.000000,0.000000,0.969696,0.000000,0.000000,-0.275637,0.961262,0.000000,0.000000,-0.000000,0.300000,-0.150000,0.000000,0.000000,0.000000,-0.295442,0.595442,-0.150000,0.000000,-0.071111,0.000000,0.000000,0.300000,0.200000,0.000000,0.000000,0.000000,0.000000,0.000000,0.300000,-0.200000,0.000000,0.000000,0.000000,0.000000,0.000000,0.000000
0.000000,0.000000,0.967321,0.000000,0.000000,-0.284015,0.958820,0.000000,0.000000,-0.000000,0.300000,-0.150000,0.000000,0.000000,0.000000,-0.259808,0.559808,-0.150000,0.000000,-0.073333,0.000000,0.000000,0.300000,0.200000,0.000000,0.000000,0.000000,0.000000,0.000000,0.300000,-0.200000,0.000000,0.000000,0.000000,0.000000,0.000000,0.000000
0.000000,0.000000,0.962856,0.000000,0.000000,-0.292372,0.956305,0.000000,0.000000,-0.000000,0.300000,-0.150000,0.000000,0.000000,0.000000,-0.192836,0.492836,-0.150000,0.000000,-0.075556,0.000000,0.000000,0.300000,0.200000,0.000000,0.000000,0.000000,0.000000,0.000000,0.300000,-0.200000,0.000000,0.000000,0.000000,0.000000,0.000000,0.000000
0.000000,0.000000,0.956840,0.000000,0.000000,-0.300706,0.953717,0.000000,0.000000,-0.000000,0.300000,-0.150000,0.000000,0.000000,0.000000,-0.102606,0.402606,-0.150000,0.000000,-0.077778,0.000000,0.000000,0.300000,0.200000,0.000000,0.000000,0.000000,0.000000,0.000000,0.300000,-0.200000,0.000000,0.000000,0.000000,0.000000,0.000000,0.000000
0.000000,0.000000,0.950000,0.000000,0.000000,-0.309017,0.951057,0.000000,0.000000,-0.000000,0.300000,-0.150000,0.000000,0.000000,0.000000,-0.000000,0.300000,-0.150000,0.000000,-0.080000,0.000000,0.000000,0.300000,0.200000,0.000000,0.000000,0.000000,0.000000,0.000000,0.300000,-0.200000,0.000000,0.000000,0.000000,0.000000,0.000000,0.000000
0.000000,0.000000,0.956840,0.000000,0.000000,-0.317305,0.948324,0.000000,0.000000,-0.102606,0.402606,-0.150000,0.000000,0.000000,0.000000,-0.000000,0.300000,-0.150000,0.000000,-0.082222,0.000000,0.000000,0.300000,0.200000,0.000000,0.000000,0.000000,0.000000,0.000000,0.300000,-0.200000,0.000000,0.000000,0.000000,0.000000,0.000000,0.000000
0.000000,0.000000,0.962856,0.000000,0.000000,-0.325568,0.945519,0.000000,0.000000,-0.192836,0.492836,-0.150000,0.000000,0.000000,0.000000,-0.000000,0.300000,-0.150000,0.000000,-0.084444,0.000000,0.000000,0.300000,0.200000,0.000000,0.000000,0.000000,0.000000,0.000000,0.300000,-0.200000,0.000000,0.000000,0.000000,0.000000,0.000000,0.000000
0.000000,0.000000,0.967321,0.000000,0.000000,-0.333807,0.942641,0.000000,0.000000,-0.259808,0.559808,-0.150000,0.000000,0.000000,0.000000,-0.000000,0.300000,-0.150000,0.000000,-0.086667,0.000000,0.000000,0.300000,0.200000,0.000000,0.000000,0.000000,0.000000,0.000000,0.300000,-0.200000,0.000000,0.000000,0.000000,0.000000,0.000000,0.000000
0.000000,0.000000,0.969696,0.000000,0.000000,-0.342020,0.939693,0.000000,0.000000,-0.295442,0.595442,-0.150000,0.000000,0.000000,0.000000,-0.000000,0.300000,-0.150000,0.000000,-0.088889,0.000000,0.000000,0.300000,0.200000,0.000000,0.000000,0.000000,0.000000,0.000000,0.300000,-0.200000,0.000000,0.000000,0.000000,0.000000,0.000000,0.000000
0.000000,0.000000,0.969696,0.000000,0.000000,-0.350207,0.936672,0.000000,0.000000,-0.295442,0.595442,-0.150000,0.000000,0.000000,0.000000,-0.000000,0.300000,-0.150000,0.000000,-0.091111,0.000000,0.000000,0.300000,0.200000,0.000000,0.000000,0.000000,0.000000,0.000000,0.300000,-0.200000,0.000000,0.000000,0.000000,0.000000,0.000000,0.000000
0.000000,0.000000,0.967321,0.000000,0.000000,-0.358368,0.933580,0.000000,0.000000,-0.259808,0.559808,-0.150000,0.000000,0.000000,0.000000,-0.000000,0.300000,-0.150000,0.000000,-0.093333,0.000000,0.000000,0.300000,0.200000,0.000000,0.000000,0.000000,0.000000,0.000000,0.300000,-0.200000,0.000000,0.000000,0.000000,0.000000,0.000000,0.000000
0.000000,0.000000,0.962856,0.000000,0.000000,-0.366501,0.930418,0.000000,0.000000,-0.192836,0.492836,-0.150000,0.000000,0.000000,0.000000,-0.000000,0.300000,-0.150000,0.000000,-0.095556,0.000000,0.000000,0.300000,0.200000,0.000000,0.000000,0.000000,0.000000,0.000000,0.300000,-0.200000,0.000000,0.000000,0.000000,0.000000,0.000000,0.000000
0.000000,0.000000,0.956840,0.000000,0.000000,-0.374607,0.927184,0.000000,0.000000,-0.102606,0.402606,-0.150000,0.000000,0.000000,0.000000,-0.000000,0.300000,-0.150000,0.000000,-0.097778,0.000000,0.000000,0.300000,0.200000,0.000000,0.000000,0.000000,0.000000,0.000000,0.300000,-0.200000,0.000000,0.000000,0.000000,0.000000,0.000000,0.000000
0.000000,0.000000,0.950000,0.000000,0.000000,-0.382683,0.923880,0.000000,0.000000,-0.000000,0.300000,-0.150000,0.000000,0.000000,0.000000,-0.000000,0.300000,-0.150000,0.000000,-0.100000,0.000000,0.000000,0.300000,0.200000,0.000000,0.000000,0.000000,0.000000,0.000000,0.300000,-0.200000,0.000000,0.000000,0.000000,0.000000,0.000000,0.000000
0.000000,0.000000,0.956840,0.000000,0.000000,-0.390731,0.920505,0.000000,0.000000,-0.000000,0.300000,-0.150000,0.000000,0.000000,0.000000,-0.102606,0.402606,-0.150000,0.000000,-0.102222,0.000000,0.000000,0.300000,0.200000,0.000000,0.000000,0.000000,0.000000,0.000000,0.300000,-0.200000,0.000000,0.000000,0.000000,0.000000,0.000000,0.000000
0.000000,0.000000,0.962856,0.000000,0.000000,-0.398749,0.917060,0.000000,0.000000,-0.000000,0.300000,-0.150000,0.000000,0.000000,0.000000,-0.192836,0.492836,-0.150000,0.000000,-0.104444,0.000000,0.000000,0.300000,0.200000,0.000000,0.000000,0.000000,0.000000,0.000000,0.300000,-0.200000,0.000000,0.000000,0.000000,0.000000,0.000000,0.000000
0.000000,0.000000,0.967321,0.000000,0.000000,-0.406737,0.913545,0.000000,0.000000,-0.000000,0.300000,-0.150000,0.000000,0.000000,0.000000,-0.259808,0.559808,-0.150000,0.000000,-0.106667,0.000000,0.000000,0.300000,0.200000,0.000000,0.000000,0.000000,0.000000,0.000000,0.300000,-0.200000,0.000000,0.000000,0.000000,0.000000,0.000000,0.000000
0.000000,0.000000,0.969696,0.000000,0.000000,-0.414693,0.909961,0.000000,0.000000,-0.000000,0.300000,-0.150000,0.000000,0.000000,0.000000,-0.295442,0.595442,-0.150000,0.000000,-0.108889,0.000000,0.000000,0.300000,0.200000,0.000000,0.000000,0.000000,0.000000,0.000000,0.300000,-0.200000,0.000000,0.000000,0.000000,0.000000,0.000000,0.000000
0.000000,0.000000,0.969696,0.000000,0.000000,-0.422618,0.906308,0.000000,0.000000,-0.000000,0.300000,-0.150000,0.000000,0.000000,0.000000,-0.295442,0.595442,-0.150000,0.000000,-0.111111,0.000000,0.000000,0.300000,0.200000,0.000000,0.000000,0.000000,0.000000,0.000000,0.300000,-0.200000,0.000000,0.000000,0.000000,0.000000,0.000000,0.000000
0.000000,0.000000,0.967321,0.000000,0.000000,-0.430511,0.902585,0.000000,0.000000,-0.000000,0.300000,-0.150000,0.000000,0.000000,0.000000,-0.259808,0.559808,-0.150000,0.000000,-0.113333,0.000000,0.000000,0.300000,0.200000,0.000000,0.000000,0.000000,0.000000,0.000000,0.300000,-0.200000,0.000000,0.000000,0.000000,0.000000,0.000000,0.000000
0.000000,0.000000,0.962856,0.000000,0.000000,-0.438371,0.898794,0.000000,0.000000,-0.000000,0.300000,-0.150000,0.000000,0.000000,0.000000,-0.192836,0.492836,-0.150000,0.000000,-0.115556,0.000000,0.000000,0.300000,0.200000,0.000000,0.000000,0.000000,0.000000,0.000000,0.300000,-0.200000,0.000000,0.000000,0.000000,0.000000,0.000000,0.000000
0.000000,0.000000,0.956840,0.000000,0.000000,-0.446198,0.894934,0.000000,0.000000,-0.000000,0.300000,-0.150000,0.000000,0.000000,0.000000,-0.102606,0.402606,-0.150000,0.000000,-0.117778,0.000000,0.000000,0.300000,0.200000,0.000000,0.000000,0.000000,0.000000,0.000000,0.300000,-0.200000,0.000000,0.000000,0.000000,0.000000,0.000000,0.000000
0.000000,0.000000,0.950000,0.000000,0.000000,-0.453990,0.891007,0.000000,0.000000,-0.000000,0.300000,-0.150000,0.000000,0.000000,0.000000,-0.000000,0.300000,-0.150000,0.000000,-0.120000,0.000000,0.000000,0.300000,0.200000,0.000000,0.000000,0.000000,0.000000,0.000000,0.300000,-0.200000,0.000000,0.000000,0.000000,0.000000,0.000000,0.000000
0.000000,0.000000,0.956840,0.000000,0.000000,-0.461749,0.887011,0.000000,0.000000,-0.102606,0.402606,-0.150000,0.000000,0.000000,0.000000,-0.000000,0.300000,-0.150000,0.000000,-0.122222,0.000000,0.000000,0.300000,0.200000,0.000000,0.000000,0.000000,0.000000,0.000000,0.300000,-0.200000,0.000000,0.000000,0.000000,0.000000,0.000000,0.000000
0.000000,0.000000,0.962856,0.000000,0.000000,-0.469472,0.882948,0.000000,0.000000,-0.192836,0.492836,-0.150000,0.000000,0.000000,0.000000,-0.000000,0.300000,-0.150000,0.000000,-0.124444,0.000000,0.000000,0.300000,0.200000,0.000000,0.000000,0.000000,0.000000,0.000000,0.300000,-0.200000,0.000000,0.000000,0.000000,0.000000,0.000000,0.000000
0.000000,0.000000,0.967321,0.000000,0.000000,-0.477159,0.878817,0.000000,0.000000,-0.259808,0.559808,-0.150000,0.000000,0.000000,0.000000,-0.000000,0.300000,-0.150000,0.000000,-0.126667,0.000000,0.000000,0.300000,0.200000,0.000000,0.000000,0.000000,0.000000,0.000000,0.300000,-0.200000,0.000000,0.000000,0.000000,0.000000,0.000000,0.000000
0.000000,0.000000,0.969696,0.000000,0.000000,-0.484810,0.874620,0.000000,0.000000,-0.295442,0.595442,-0.150000,0.000000,0.000000,0.000000,-0.000000,0.300000,-0.150000,0.000000,-0.128889,0.000000,0.000000,0.300000,0.200000,0.000000,0.000000,0.000000,0.000000,0.000000,0.300000,-0.200000,0.000000,0.000000,0.000000,0.000000,0.000000,0.000000
0.000000,0.000000,0.969696,0.000000,0.000000,-0.492424,0.870356,0.000000,0.000000,-0.295442,0.595442,-0.150000,0.000000,0.000000,0.000000,-0.000000,0.300000,-0.150000,0.000000,-0.131111,0.000000,0.000000,0.300000,0.200000,0.000000,0.000000,0.000000,0.000000,0.000000,0.300000,-0.200000,0.000000,0.000000,0.000000,0.000000,0.000000,0.000000
0.000000,0.000000,0.967321,0.000000,0.000000,-0.500000,0.866025,0.000000,0.000000,-0.259808,0.559808,-0.150000,0.000000,0.000000,0.000000,-0.000000,0.300000,-0.150000,0.000000,-0.133333,0.000000,0.000000,0.300000,0.200000,0.000000,0.000000,0.000000,0.000000,0.000000,0.300000,-0.200000,0.000000,0.000000,0.000000,0.000000,0.000000,0.000000
0.000000,0.000000,0.962856,0.000000,0.000000,-0.507538,0.861629,0.000000,0.000000,-0.192836,0.492836,-0.150000,0.000000,0.000000,0.000000,-0.000000,0.300000,-0.150000,0.000000,-0.135556,0.000000,0.000000,0.300000,0.200000,0.000000,0.000000,0.000000,0.000000,0.000000,0.300000,-0.200000,0.000000,0.000000,0.000000,0.000000,0.000000,0.000000
0.000000,0.000000,0.956840,0.000000,0.000000,-0.515038,0.857167,0.000000,0.000000,-0.102606,0.402606,-0.150000,0.000000,0.000000,0.000000,-0.000000,0.300000,-0.150000,0.000000,-0.137778,0.000000,0.000000,0.300000,0.200000,0.000000,0.000000,0.000000,0.000000,0.000000,0.300000,-0.200000,0.000000,0.000000,0.000000,0.000000,0.000000,0.000000
0.000000,0.000000,0.950000,0.000000,0.000000,-0.522499,0.852640,0.000000,0.000000,-0.000000,0.300000,-0.150000,0.000000,0.000000,0.000000,-0.000000,0.300000,-0.150000,0.000000,-0.140000,0.000000,0.000000,0.300000,0.200000,0.000000,0.000000,0.000000,0.000000,0.000000,0.300000,-0.200000,0.000000,0.000000,0.000000,0.000000,0.000000,0.000000
0.000000,0.000000,0.956840,0.000000,0.000000,-0.529919,0.848048,0.000000,0.000000,-0.000000,0.300000,-0.150000,0.000000,0.000000,0.000000,-0.102606,0.402606,-0.150000,0.000000,-0.142222,0.000000,0.000000,0.300000,0.200000,0.000000,0.000000,0.000000,0.000000,0.000000,0.300000,-0.200000,0.000000,0.000000,0.000000,0.000000,0.000000,0.000000
0.000000,0.000000,0.962856,0.000000,0.000000,-0.537300,0.843391,0.000000,0.000000,-0.000000,0.300000,-0.150000,0.000000,0.000000,0.000000,-0.192836,0.492836,-0.150000,0.000000,-0.144444,0.000000,0.000000,0.300000,0.200000,0.000000,0.000000,0.000000,0.000000,0.000000,0.300000,-0.200000,0.000000,0.000000,0.000000,0.000000,0.000000,0.000000
0.000000,0.000000,0.967321,0.000000,0.000000,-0.544639,0.838671,0.000000,0.000000,-0.000000,0.300000,-0.150000,0.000000,0.000000,0.000000,-0.259808,0.559808,-0.150000,0.000000,-0.146667,0.000000,0.000000,0.300000,0.200000,0.000000,0.000000,0.000000,0.000000,0.000000,0.300000,-0.200000,0.000000,0.000000,0.000000,0.000000,0.000000,0.000000
0.000000,0.000000,0.969696,0.000000,0.000000,-0.551937,0.833886,0.000000,0.000000,-0.000000,0.300000,-0.150000,0.000000,0.000000,0.000000,-0.295442,0.595442,-0.150000,0.000000,-0.148889,0.000000,0.000000,0.300000,0.200000,0.000000,0.000000,0.000000,0.000000,0.000000,0.300000,-0.200000,0.000000,0.000000,0.000000,0.000000,0.000000,0.000000
0.000000,0.000000,0.969696,0.000000,0.000000,-0.559193,0.829038,0.000000,0.000000,-0.000000,0.300000,-0.150000,0.000000,0.000000,0.000000,-0.295442,0.595442,-0.150000,0.000000,-0.151111,0.000000,0.000000,0.300000,0.200000,0.000000,0.000000,0.000000,0.000000,0.000000,0.300000,-0.200000,0.000000,0.000000,0.000000,0.000000,0.000000,0.000000
0.000000,0.000000,0.967321,0.000000,0.000000,-0.566406,0.824126,0.000000,0.000000,-0.000000,0.300000,-0.150000,0.000000,0.000000,0.000000,-0.259808,0.559808,-0.150000,0.000000,-0.153333,0.000000,0.000000,0.300000,0.200000,0.000000,0.000000,0.000000,0.000000,0.000000,0.300000,-0.200000,0.000000,0.000000,0.000000,0.000000,0.000000,0.000000
0.000000,0.000000,0.962856,0.000000,0.000000,-0.573576,0.819152,0.000000,0.000000,-0.000000,0.300000,-0.150000,0.000000,0.000000,0.000000,-0.192836,0.492836,-0.150000,0.000000,-0.155556,0.000000,0.000000,0.300000,0.200000,0.000000,0.000000,0.000000,0.000000,0.000000,0.300000,-0.200000,0.000000,0.000000,0.000000,0.000000,0.000000,0.000000
0.000000,0.000000,0.956840,0.000000,0.000000,-0.580703,0.814116,0.000000,0.000000,-0.000000,0.300000,-0.150000,0.000000,0.000000,0.000000,-0.102606,0.402606,-0.150000,0.000000,-0.157778,0.000000,0.000000,0.300000,0.200000,0.000000,0.000000,0.000000,0.000000,0.000000,0.300000,-0.200000,0.000000,0.000000,0.000000,0.000000,0.000000,0.000000
0.000000,0.000000,0.950000,0.000000,0.000000,-0.587785,0.809017,0.000000,0.000000,-0.000000,0.300000,-0.150000,0.000000,0.000000,0.000000,-0.000000,0.300000,-0.150000,0.000000,-0.160000,0.000000,0.000000,0.300000,0.200000,0.000000,0.000000,0.000000,0.000000,0.000000,0.300000,-0.200000,0.000000,0.000000,0.000000,0.000000,0.000000,0.000000
0.000000,0.000000,0.956840,0.000000,0.000000,-0.594823,0.803857,0.000000,0.000000,-0.102606,0.402606,-0.150000,0.000000,0.000000,0.000000,-0.000000,0.300000,-0.150000,0.000000,-0.162222,0.000000,0.000000,0.300000,0.200000,0.000000,0.000000,0.000000,0.000000,0.000000,0.300000,-0.200000,0.000000,0.000000,0.000000,0.000000,0.000000,0.000000
0.000000,0.000000,0.962856,0.000000,0.000000,-0.601815,0.798636,0.000000,0.000000,-0.192836,0.492836,-0.150000,0.000000,0.000000,0.000000,-0.000000,0.300000,-0.150000,0.000000,-0.164444,0.000000,0.000000,0.300000,0.200000,0.000000,0.000000,0.000000,0.000000,0.000000,0.300000,-0.200000,0.000000,0.000000,0.000000,0.000000,0.000000,0.000000
0.000000,0.000000,0.967321,0.000000,0.000000,-0.608761,0.793353,0.000000,0.000000,-0.259808,0.559808,-0.150000,0.000000,0.000000,0.000000,-0.000000,0.300000,-0.150000,0.000000,-0.166667,0.000000,0.000000,0.300000,0.200000,0.000000,0.000000,0.000000,0.000000,0.000000,0.300000,-0.200000,0.000000,0.000000,0.000000,0.000000,0.000000,0.000000
0.000000,0.000000,0.969696,0.000000,0.000000,-0.615661,0.788011,0.000000,0.000000,-0.295442,0.595442,-0.150000,0.000000,0.000000,0.000000,-0.000000,0.300000,-0.150000,0.000000,-0.168889,0.000000,0.000000,0.300000,0.200000,0.000000,0.000000,0.000000,0.000000,0.000000,0.300000,-0.200000,0.000000,0.000000,0.000000,0.000000,0.000000,0.000000
0.000000,0.000000,0.969696,0.000000,0.000000,-0.622515,0.782608,0.000000,0.000000,-0.295442,0.595442,-0.150000,0.000000,0.000000,0.000000,-0.000000,0.300000,-0.150000,0.000000,-0.171111,0.000000,0.000000,0.300000,0.200000,0.000000,0.000000,0.000000,0.000000,0.000000,0.300000,-0.200000,0.000000,0.000000,0.000000,0.000000,0.000000,0.000000
0.000000,0.000000,0.967321,0.000000,0.000000,-0.629320,0.777146,0.000000,0.000000,-0.259808,0.559808,-0.150000,0.000000,0.000000,0.000000,-0.000000,0.300000,-0.150000,0.000000,-0.173333,0.000000,0.000000,0.300000,0.200000,0.000000,0.000000,0.000000,0.000000,0.000000,0.300000,-0.200000,0.000000,0.000000,0.000000,0.000000,0.000000,0.000000
0.000000,0.000000,0.962856,0.000000,0.000000,-0.636078,0.771625,0.000000,0.000000,-0.192836,0.492836,-0.150000,0.000000,0.000000,0.000000,-0.000000,0.300000,-0.150000,0.000000,-0.175556,0.000000,0.000000,0.300000,0.200000,0.000000,0.000000,0.000000,0.000000,0.000000,0.300000,-0.200000,0.000000,0.000000,0.000000,0.000000,0.000000,0.000000
0.000000,0.000000,0.956840,0.000000,0.000000,-0.642788,0.766044,0.000000,0.000000,-0.102606,0.402606,-0.150000,0.000000,0.000000,0.000000,-0.000000,0.300000,-0.150000,0.000000,-0.177778,0.000000,0.000000,0.300000,0.200000,0.000000,0.000000,0.000000,0.000000,0.000000,0.300000,-0.200000,0.000000,0.000000,0.000000,0.000000,0.000000,0.000000
0.000000,0.000000,0.950000,0.000000,0.000000,-0.649448,0.760406,0.000000,0.000000,-0.000000,0.300000,-0.150000,0.000000,0.000000,0.000000,-0.000000,0.300000,-0.150000,0.000000,-0.180000,0.000000,0.000000,0.300000,0.200000,0.000000,0.000000,0.000000,0.000000,0.000000,0.300000,-0.200000,0.000000,0.000000,0.000000,0.000000,0.000000,0.000000
0.000000,0.000000,0.956840,0.000000,0.000000,-0.656059,0.754710,0.000000,0.000000,-0.000000,0.300000,-0.150000,0.000000,0.000000,0.000000,-0.102606,0.402606,-0.150000,0.000000,-0.182222,0.000000,0.000000,0.300000,0.200000,0.000000,0.000000,0.000000,0.000000,0.000000,0.300000,-0.200000,0.000000,0.000000,0.000000,0.000000,0.000000,0.000000
0.000000,0.000000,0.962856,0.000000,0.000000,-0.662620,0.748956,0.000000,0.000000,-0.000000,0.300000,-0.150000,0.000000,0.000000,0.000000,-0.192836,0.492836,-0.150000,0.000000,-0.184444,0.000000,0.000000,0.300000,0.200000,0.000000,0.000000,0.000000,0.000000,0.000000,0.300000,-0.200000,0.000000,0.000000,0.000000,0.000000,0.000000,0.000000
0.000000,0.000000,0.967321,0.000000,0.000000,-0.669131,0.743145,0.000000,0.000000,-0.000000,0.300000,-0.150000,0.000000,0.000000,0.000000,-0.259808,0.559808,-0.150000,0.000000,-0.186667,0.000000,0.000000,0.300000,0.200000,0.000000,0.000000,0.000000,0.000000,0.000000,0.300000,-0.200000,0.000000,0.000000,0.000000,0.000000,0.000000,0.000000
0.000000,0.000000,0.969696,0.000000,0.000000,-0.675590,0.737277,0.000000,0.000000,-0.000000,0.300000,-0.150000,0.000000,0.000000,0.000000,-0.295442,0.595442,-0.150000,0.000000,-0.188889,0.000000,0.000000,0.300000,0.200000,0.000000,0.000000,0.000000,0.000000,0.000000,0.300000,-0.200000,0.000000,0.000000,0.000000,0.000000,0.000000,0.000000
0.000000,0.000000,0.969696,0.000000,0.000000,-0.681998,0.731354,0.000000,0.000000,-0.000000,0.300000,-0.150000,0.000000,0.000000,0.000000,-0.295442,0.595442,-0.150000,0.000000,-0.191111,0.000000,0.000000,0.300000,0.200000,0.000000,0.000000,0.000000,0.000000,0.000000,0.300000,-0.200000,0.000000,0.000000,0.000000,0.000000,0.000000,0.000000
0.000000,0.000000,0.967321,0.000000,0.000000,-0.688355,0.725374,0.000000,0.000000,-0.000000,0.300000,-0.150000,0.000000,0.000000,0.000000,-0.259808,0.559808,-0.150000,0.000000,-0.193333,0.000000,0.000000,0.300000,0.200000,0.000000,0.000000,0.000000,0.000000,0.000000,0.300000,-0.200000,0.000000,0.000000,0.000000,0.000000,0.000000,0.000000
0.000000,0.000000,0.962856,0.000000,0.000000,-0.694658,0.719340,0.000000,0.000000,-0.000000,0.300000,-0.150000,0.000000,0.000000,0.000000,-0.192836,0.492836,-0.150000,0.000000,-0.195556,0.000000,0.000000,0.300000,0.200000,0.000000,0.000000,0.000000,0.000000,0.000000,0.300000,-0.200000,0.000000,0.000000,0.000000,0.000000,0.000000,0.000000
0.000000,0.000000,0.956840,0.000000,0.000000,-0.700909,0.713250,0.000000,0.000000,-0.000000,0.300000,-0.150000,0.000000,0.000000,0.000000,-0.102606,0.402606,-0.150000,0.000000,-0.197778,0.000000,0.000000,0.300000,0.200000,0.000000,0.000000,0.000000,0.000000,0.000000,0.300000,-0.200000,0.000000,0.000000,0.000000,0.000000,0.000000,0.000000
