1.062461,-0.272709,0.772312,-0.021397,0.053754,0.998026,0.02443,0.177936,-0.202682,0.000403,0.313403,-0.168977,0.077486,-0.522206,-0.056712,-0.033755,0.333764,0.115844,0.020125,-0.021056,-0.044631,-0.009938,-0.12904,0.089266,-0.333313,0.891292,0.782429,0.094413,0.234317,0.185471,-0.113295,0.108345,0.797474,-0.768749,0.193727,-0.126806
1.040164,-0.270766,0.775867,-0.023427,0.04534,0.998317,0.027552,0.186984,-0.183803,-0.00204,0.342738,-0.107189,0.058512,-0.506311,-0.037931,-0.040679,0.363325,0.088727,0.006386,-0.025988,-0.020869,-0.015988,-0.098844,0.078548,-0.32227,0.917904,0.771738,0.124098,0.220216,0.182195,-0.100491,0.099106,0.820019,-0.780293,0.201627,-0.118662
1.018265,-0.268961,0.779795,-0.025819,0.035706,0.998645,0.027698,0.180415,-0.162234,-0.008991,0.391139,-0.024666,0.020739,-0.479198,-0.021298,-0.053483,0.372929,0.056344,0.000681,-0.031143,0.004212,-0.020601,-0.070249,0.068015,-0.320971,0.94874,0.768848,0.152127,0.189487,0.180155,-0.087933,0.083877,0.836164,-0.787195,0.207222,-0.111762
0.997264,-0.267043,0.782873,-0.028149,0.025778,0.999006,0.02303,0.155132,-0.139331,-0.020561,0.467896,0.058139,-0.026579,-0.444632,-0.007565,-0.071919,0.366018,0.029229,-0.013192,-0.03695,0.028536,-0.023287,-0.050492,0.065044,-0.346536,0.978688,0.789199,0.176318,0.154826,0.17983,-0.074703,0.0624,0.842561,-0.788386,0.208276,-0.110653
0.977496,-0.264847,0.784003,-0.029599,0.015645,0.999337,0.014304,0.1052,-0.114866,-0.035804,0.585847,0.137063,-0.10498,-0.413239,0.003952,-0.096202,0.363811,-0.000289,-0.027308,-0.043466,0.050616,-0.022857,-0.037156,0.075406,-0.403715,0.992428,0.845569,0.200324,0.145044,0.172615,-0.057817,0.038467,0.839166,-0.78603,0.211551,-0.110863
0.958376,-0.262285,0.784437,-0.029467,0.004936,0.99955,0.002614,0.034973,-0.089785,-0.048248,0.741776,0.217898,-0.173984,-0.384682,0.014948,-0.125726,0.371563,-0.034235,-0.038567,-0.050844,0.070714,-0.019755,-0.031491,0.096976,-0.474944,0.990294,0.91729,0.226163,0.179421,0.171546,-0.040249,0.017944,0.830517,-0.781271,0.206605,-0.116773
0.939701,-0.259548,0.782877,-0.027847,-0.007165,0.99952,-0.011512,-0.046784,-0.052931,-0.049614,0.905656,0.295133,-0.239293,-0.359811,0.0273,-0.160333,0.39033,-0.07282,-0.046419,-0.059078,0.089451,-0.014342,-0.023666,0.121879,-0.527146,0.968813,0.964233,0.250273,0.239367,0.181808,-0.025637,0.003387,0.834152,-0.77688,0.177453,-0.135861
0.921008,-0.256838,0.780539,-0.024348,-0.019598,0.999163,-0.026403,-0.130892,-0.007056,-0.041706,1.053938,0.331908,-0.246546,-0.333194,0.041044,-0.196439,0.412575,-0.113325,-0.053732,-0.066316,0.107417,-0.00711,-0.013988,0.147549,-0.540192,0.933274,0.957136,0.249569,0.276532,0.177706,-0.015997,-0.001545,0.839544,-0.778249,0.155798,-0.14669
0.902006,-0.254429,0.778147,-0.018959,-0.030874,0.99858,-0.039048,-0.208848,0.029418,-0.048626,1.164917,0.297444,-0.24532,-0.301842,0.056127,-0.228057,0.432555,-0.152455,-0.060206,-0.069268,0.123886,0.000982,-0.005874,0.172956,-0.521988,0.894645,0.902395,0.218484,0.259163,0.165512,-0.013905,0.003284,0.8506,-0.7898,0.143106,-0.153653
0.882575,-0.252458,0.776196,-0.012073,-0.039805,0.997979,-0.048038,-0.280682,0.052673,-0.063381,1.234358,0.223957,-0.214152,-0.264051,0.07145,-0.25184,0.445823,-0.187988,-0.063359,-0.067282,0.137562,0.008688,-0.004966,0.198935,-0.489757,0.866492,0.827013,0.176465,0.196978,0.146432,-0.017661,0.015261,0.86546,-0.811262,0.145667,-0.153298
0.862819,-0.250973,0.775002,-0.004876,-0.045966,0.997479,-0.053843,-0.341217,0.075089,-0.068797,1.255604,0.144108,-0.192206,-0.221741,0.085471,-0.266993,0.451549,-0.21778,-0.064255,-0.061334,0.147394,0.014578,-0.001097,0.221998,-0.45515,0.839435,0.764915,0.149978,0.131399,0.12439,-0.02011,0.029441,0.887308,-0.836618,0.15795,-0.149304
0.842934,-0.249895,0.774593,0.001741,-0.050242,0.997127,-0.056658,-0.394677,0.08632,-0.073479,1.233752,0.063297,-0.152199,-0.177933,0.098768,-0.274695,0.451521,-0.24024,-0.063983,-0.051068,0.153536,0.018772,0.007063,0.246391,-0.42406,0.808997,0.727712,0.138335,0.098339,0.095677,-0.021241,0.037958,0.915063,-0.857783,0.167945,-0.140075
0.823141,-0.249118,0.774802,0.006625,-0.052986,0.996915,-0.057527,-0.439916,0.090251,-0.074672,1.172855,-0.015015,-0.103463,-0.135651,0.110543,-0.276957,0.446815,-0.2575,-0.062718,-0.037502,0.156355,0.021241,0.015166,0.260764,-0.40184,0.776814,0.715186,0.140671,0.106651,0.070893,-0.020109,0.045687,0.929153,-0.872916,0.17024,-0.130007
0.803571,-0.248513,0.775364,0.00922,-0.053665,0.99689,-0.05697,-0.477736,0.089367,-0.071261,1.075652,-0.071195,-0.093116,-0.095165,0.119389,-0.274357,0.435452,-0.270091,-0.06096,-0.021933,0.156061,0.022024,0.024403,0.267398,-0.386448,0.746116,0.713304,0.143478,0.136028,0.049265,-0.023012,0.057049,0.92852,-0.884216,0.160087,-0.123812
0.784302,-0.247961,0.775593,0.009484,-0.052896,0.997018,-0.055376,-0.507061,0.081921,-0.065567,0.949072,-0.097621,-0.065901,-0.057106,0.126076,-0.268279,0.417961,-0.278115,-0.058922,-0.005212,0.153258,0.021284,0.034625,0.267493,-0.373081,0.721549,0.710577,0.142274,0.162106,0.030781,-0.03141,0.074319,0.916306,-0.894005,0.140459,-0.124994
0.76526,-0.247454,0.774901,0.008016,-0.052018,0.99718,-0.053502,-0.526166,0.073614,-0.056433,0.803346,-0.099586,-0.041149,-0.021542,0.132402,-0.260775,0.397405,-0.283323,-0.056733,0.011517,0.148859,0.019258,0.046023,0.262318,-0.357619,0.705495,0.703575,0.139865,0.176112,0.015894,-0.043422,0.095104,0.897371,-0.901212,0.116897,-0.132722
0.746266,-0.246955,0.773567,0.005447,-0.051201,0.997352,-0.051352,-0.535921,0.062519,-0.047672,0.645559,-0.070364,-0.034593,0.013071,0.138988,-0.251763,0.373975,-0.286211,-0.054707,0.027447,0.143564,0.016356,0.062496,0.251131,-0.340369,0.693568,0.696394,0.141831,0.183702,0.006149,-0.061104,0.111181,0.88222,-0.902754,0.085154,-0.145331
0.727217,-0.246466,0.771982,0.001983,-0.049626,0.997582,-0.04862,-0.538231,0.048937,-0.03692,0.486301,-0.033905,-0.034411,0.047186,0.144506,-0.240202,0.347434,-0.28617,-0.053,0.041626,0.137489,0.013208,0.080909,0.234898,-0.321042,0.68895,0.694136,0.145769,0.193132,-0.009822,-0.073771,0.124426,0.865812,-0.898213,0.066573,-0.149531
0.707843,-0.246267,0.770062,-0.001981,-0.048915,0.99779,-0.044921,-0.532702,0.039277,-0.017842,0.336727,-0.010849,-0.039344,0.078117,0.150525,-0.22627,0.32602,-0.287037,-0.051468,0.053301,0.131011,0.010295,0.099299,0.217809,-0.303364,0.693883,0.69841,0.151237,0.211417,-0.022879,-0.083228,0.136277,0.852025,-0.889831,0.055231,-0.150396
0.6879,-0.246492,0.768185,-0.005774,-0.048652,0.997992,-0.040143,-0.527635,0.028394,-0.008132,0.225707,-0.002689,-0.060497,0.105799,0.155435,-0.210259,0.313593,-0.285723,-0.04977,0.063221,0.123813,0.008283,0.115331,0.199975,-0.290403,0.711251,0.708034,0.158597,0.238228,-0.031065,-0.090904,0.147518,0.84114,-0.881306,0.050102,-0.150827
0.667191,-0.247281,0.767201,-0.008628,-0.048375,0.998203,-0.034303,-0.528721,0.013452,-0.016934,0.18207,0.0042,-0.088326,0.132368,0.158037,-0.191758,0.310609,-0.284462,-0.047,0.07246,0.115702,0.007124,0.128262,0.176912,-0.283941,0.738404,0.722277,0.173323,0.26307,-0.041505,-0.095187,0.157132,0.836867,-0.874667,0.054389,-0.150029
0.645271,-0.248552,0.771411,-0.010675,-0.046265,0.998507,-0.026995,-0.525653,-0.009036,-0.046451,0.19303,0.038615,-0.080736,0.162683,0.155635,-0.170937,0.316076,-0.275896,-0.038647,0.082116,0.106163,0.005699,0.14134,0.151197,-0.280759,0.774333,0.736102,0.188996,0.270856,-0.04611,-0.100151,0.16733,0.834776,-0.865276,0.063588,-0.150378
0.622731,-0.250299,0.772544,-0.011721,-0.04218,0.998876,-0.018164,-0.515527,-0.037461,-0.081834,0.22264,0.103888,-0.006408,0.187375,0.144772,-0.148566,0.329267,-0.252673,-0.02668,0.091415,0.094487,0.003455,0.154736,0.127369,-0.277313,0.818357,0.745289,0.201521,0.252915,-0.042329,-0.104241,0.173183,0.834221,-0.854386,0.072971,-0.151686
0.599616,-0.252362,0.770961,-0.012513,-0.035734,0.999225,-0.010743,-0.492076,-0.050139,-0.077797,0.240632,0.160118,0.010513,0.206041,0.126161,-0.130311,0.353839,-0.209552,-0.014913,0.097005,0.079607,-0.000116,0.165132,0.104662,-0.27379,0.868386,0.753682,0.213371,0.215096,-0.031943,-0.106901,0.17373,0.837229,-0.841889,0.084102,-0.154606
0.576602,-0.254345,0.771771,-0.013339,-0.026483,0.999547,-0.005165,-0.464598,-0.054432,-0.046039,0.256062,0.172491,-0.011869,0.213702,0.099852,-0.116164,0.393993,-0.148443,0.002959,0.099604,0.060332,-0.004185,0.170443,0.084171,-0.271414,0.920204,0.766992,0.225579,0.174292,-0.017328,-0.108276,0.170507,0.846388,-0.830738,0.100347,-0.157119
0.554254,-0.256354,0.774915,-0.013858,-0.015809,0.999779,0.000245,-0.439283,-0.069041,-0.023981,0.271159,0.148015,-0.006476,0.197475,0.067422,-0.102106,0.470738,-0.063553,0.044832,0.101601,0.038367,-0.007256,0.170935,0.067005,-0.268757,0.966562,0.7857,0.23609,0.146099,-0.00156,-0.108029,0.169169,0.861569,-0.824824,0.121573,-0.15231
0.532922,-0.258601,0.776882,-0.014092,-0.005204,0.999861,0.007185,-0.415511,-0.085846,-0.002913,0.287045,0.119002,0.014345,0.155122,0.031085,-0.089183,0.586822,0.024192,0.092948,0.102925,0.01734,-0.008551,0.169338,0.052357,-0.260363,0.998884,0.802724,0.241335,0.136223,0.010987,-0.109028,0.178339,0.878715,-0.826641,0.140581,-0.131668
0.512721,-0.260948,0.778165,-0.013881,0.005859,0.999747,0.016684,-0.395354,-0.101608,0.024879,0.307594,0.088145,0.043791,0.087883,-0.014238,-0.083335,0.738218,0.11969,0.148547,0.103989,-0.000951,-0.007146,0.166665,0.037818,-0.243742,1.012662,0.811607,0.238268,0.140854,0.017072,-0.118033,0.20421,0.89141,-0.836647,0.14633,-0.092703
0.493389,-0.26316,0.777818,-0.01329,0.017234,0.999406,0.026707,-0.377318,-0.117779,0.053994,0.329964,0.052631,0.063187,0.007457,-0.070731,-0.084615,0.893959,0.210396,0.208201,0.104429,-0.017798,-0.003348,0.160149,0.02454,-0.224598,1.010766,0.814243,0.226518,0.151552,0.01758,-0.138095,0.245314,0.893918,-0.853463,0.132483,-0.044462
0.474484,-0.265104,0.776973,-0.011981,0.028359,0.998914,0.034981,-0.356061,-0.135744,0.079249,0.347387,0.0176,0.074484,-0.073392,-0.13803,-0.094932,1.032437,0.263586,0.225682,0.103383,-0.034782,0.002243,0.14653,0.015699,-0.212463,1.000539,0.818039,0.209063,0.160223,0.016667,-0.165868,0.290113,0.883827,-0.873232,0.105447,-0.004717
0.455888,-0.266632,0.775959,-0.009424,0.03947,0.998363,0.040317,-0.33038,-0.157074,0.098468,0.359639,-0.015461,0.082041,-0.155941,-0.191297,-0.095504,1.142984,0.218971,0.204259,0.100026,-0.051716,0.009485,0.125212,0.012272,-0.212198,0.98773,0.828291,0.190375,0.163585,0.019432,-0.19367,0.319941,0.863701,-0.887602,0.082511,0.011757
0.43753,-0.267665,0.774922,-0.005764,0.049888,0.997813,0.042977,-0.301326,-0.18012,0.111126,0.368659,-0.046333,0.088601,-0.229799,-0.233198,-0.094799,1.211704,0.130742,0.168241,0.09513,-0.067353,0.016752,0.100573,0.013915,-0.220204,0.973401,0.843997,0.173188,0.164312,0.033049,-0.210349,0.317961,0.838006,-0.890286,0.077416,0.002384
0.419347,-0.268177,0.774071,-0.001223,0.058306,0.997401,0.042318,-0.270259,-0.202375,0.115386,0.377451,-0.075595,0.09528,-0.293909,-0.259461,-0.090615,1.23958,0.047301,0.15576,0.088378,-0.080598,0.022913,0.069801,0.018249,-0.228464,0.960182,0.858105,0.160576,0.164195,0.049293,-0.215562,0.291985,0.815616,-0.867707,0.0903,-0.024602
0.401383,-0.268205,0.773646,0.003242,0.064003,0.997207,0.038349,-0.239552,-0.221509,0.110943,0.387843,-0.104286,0.100901,-0.349242,-0.268288,-0.082661,1.224843,-0.02797,0.14119,0.079532,-0.090767,0.027293,0.040357,0.027197,-0.230111,0.95303,0.866277,0.142959,0.170454,0.073154,-0.208234,0.252564,0.791638,-0.832509,0.110958,-0.062248
0.383731,-0.267844,0.773869,0.006548,0.066666,0.997229,0.032364,-0.2099,-0.235374,0.099514,0.396892,-0.131032,0.104635,-0.395778,-0.264593,-0.074185,1.173178,-0.096858,0.127413,0.069104,-0.097464,0.029586,0.002083,0.032148,-0.227243,0.947428,0.869679,0.135114,0.175083,0.093326,-0.190894,0.217576,0.77428,-0.79744,0.131066,-0.101942
0.366446,-0.267175,0.774617,0.008324,0.067351,0.997361,0.02579,-0.181161,-0.244526,0.084247,0.401833,-0.154448,0.106356,-0.435014,-0.254374,-0.067707,1.090683,-0.145879,0.108334,0.057661,-0.100941,0.030037,-0.03765,0.036907,-0.223654,0.939821,0.870667,0.133693,0.177804,0.111535,-0.179082,0.192356,0.758246,-0.772688,0.14265,-0.128648
0.349476,-0.266402,0.775601,0.008543,0.066223,0.997579,0.019454,-0.150954,-0.249147,0.066658,0.397207,-0.172063,0.10652,-0.465453,-0.238429,-0.06258,0.98541,-0.172108,0.079335,0.045686,-0.101638,0.028644,-0.07086,0.043132,-0.221403,0.931437,0.871157,0.13227,0.183591,0.122626,-0.172431,0.182269,0.751419,-0.761585,0.149867,-0.140231
0.332754,-0.265644,0.776303,0.007434,0.064708,0.997789,0.013238,-0.12051,-0.25183,0.048781,0.385676,-0.185356,0.106027,-0.489954,-0.210258,-0.048678,0.865586,-0.167046,0.06132,0.033328,-0.10006,0.025849,-0.096009,0.049811,-0.221054,0.921878,0.869903,0.127315,0.191436,0.124833,-0.170545,0.18405,0.757033,-0.761,0.155497,-0.137791
0.316205,-0.265085,0.77655,0.005009,0.062621,0.997998,0.007331,-0.090606,-0.252909,0.030289,0.368725,-0.195117,0.10553,-0.507822,-0.183015,-0.037279,0.737615,-0.139341,0.057849,0.02185,-0.096761,0.021832,-0.119342,0.05372,-0.224198,0.912888,0.866984,0.122186,0.196883,0.125883,-0.169064,0.188798,0.765096,-0.766648,0.160529,-0.124046
0.299682,-0.26469,0.776265,0.001727,0.061031,0.998133,0.001445,-0.062916,-0.254284,0.012317,0.352042,-0.203375,0.10554,-0.517737,-0.160616,-0.029384,0.605884,-0.105135,0.078518,0.011483,-0.092329,0.017115,-0.139423,0.055997,-0.232957,0.905723,0.863448,0.114394,0.198472,0.127593,-0.166907,0.188667,0.770885,-0.772616,0.164662,-0.106068
0.283014,-0.264448,0.775745,-0.002097,0.059958,0.998191,-0.004044,-0.036188,-0.256006,-0.004789,0.335051,-0.208978,0.106431,-0.519562,-0.1461,-0.03672,0.47222,-0.059687,0.090261,0.002748,-0.087474,0.012099,-0.155761,0.057854,-0.247268,0.901083,0.860855,0.105331,0.19619,0.131477,-0.161838,0.179468,0.77188,-0.774824,0.167092,-0.092872
0.266013,-0.264287,0.775093,-0.006018,0.058804,0.998203,-0.009878,-0.009532,-0.257094,-0.022352,0.318851,-0.211774,0.10756,-0.515238,-0.126469,-0.022706,0.344411,-0.008316,0.117245,-0.005844,-0.081399,0.007143,-0.167154,0.058967,-0.265063,0.898624,0.85949,0.0971,0.191229,0.13749,-0.153492,0.16095,0.768466,-0.772067,0.167935,-0.08876
0.2485,-0.264051,0.77403,-0.009691,0.058256,0.998129,-0.015861,0.017095,-0.258495,-0.039603,0.306044,-0.216287,0.108942,-0.507036,-0.104499,0.013668,0.238691,0.014765,0.141212,-0.014418,-0.074745,0.002301,-0.171821,0.05811,-0.283083,0.897347,0.857803,0.090984,0.185491,0.144493,-0.143545,0.136266,0.763091,-0.7663,0.16859,-0.092007
0.230486,-0.263605,0.772648,-0.012251,0.05803,0.99801,-0.0214,0.044081,-0.259043,-0.055267,0.29895,-0.22294,0.108712,-0.508554,-0.085978,0.056617,0.200858,0.019808,0.17393,-0.022518,-0.068135,-0.001722,-0.168381,0.055887,-0.299067,0.896521,0.854443,0.086777,0.179911,0.150704,-0.133084,0.111201,0.759008,-0.762051,0.170282,-0.098741
0.212024,-0.262913,0.77141,-0.014405,0.056894,0.997953,-0.025402,0.070652,-0.256089,-0.067958,0.295091,-0.225408,0.108481,-0.50225,-0.071424,0.082255,0.205175,0.076825,0.182788,-0.028905,-0.061209,-0.005961,-0.156746,0.054528,-0.311943,0.896582,0.849547,0.084376,0.174416,0.154347,-0.121631,0.090578,0.759415,-0.762222,0.17301,-0.106093
0.193126,-0.261941,0.769897,-0.015573,0.054939,0.997972,-0.028117,0.094507,-0.250178,-0.077026,0.301758,-0.222637,0.107813,-0.49346,-0.059715,0.087455,0.23219,0.144236,0.14478,-0.033766,-0.052329,-0.009602,-0.137509,0.053626,-0.320754,0.899729,0.844477,0.086162,0.169645,0.154686,-0.110989,0.076177,0.766436,-0.767395,0.176599,-0.11191
0.17438,-0.260768,0.770697,-0.016305,0.050518,0.998174,-0.028805,0.113369,-0.238379,-0.081516,0.317523,-0.206348,0.104643,-0.483347,-0.047131,0.078498,0.26704,0.152262,0.104741,-0.037164,-0.039732,-0.012635,-0.111123,0.053239,-0.323915,0.907952,0.84131,0.097258,0.166871,0.150555,-0.10089,0.068254,0.780838,-0.777009,0.181244,-0.114302
0.155316,-0.259794,0.777026,-0.017116,0.044488,0.998461,-0.028347,0.127476,-0.224256,-0.082359,0.346989,-0.17,0.096643,-0.469666,-0.033656,0.066395,0.297516,0.129222,0.095502,-0.039294,-0.0233,-0.01534,-0.079392,0.051166,-0.32359,0.921956,0.841889,0.119075,0.165766,0.143738,-0.092913,0.063127,0.798743,-0.789449,0.187531,-0.113353
0.137122,-0.259079,0.781684,-0.018468,0.037948,0.998673,-0.029501,0.126953,-0.209314,-0.085455,0.385591,-0.113381,0.079512,-0.451094,-0.023131,0.051213,0.315165,0.101257,0.09227,-0.040699,-0.005271,-0.017809,-0.04714,0.048202,-0.327063,0.939864,0.848631,0.146086,0.162381,0.137654,-0.086694,0.054486,0.813547,-0.799669,0.191997,-0.112181
0.11991,-0.258591,0.785664,-0.020597,0.030665,0.998702,-0.035068,0.110506,-0.195317,-0.096715,0.442472,-0.044298,0.051304,-0.427816,-0.016501,0.029654,0.319424,0.074315,0.0795,-0.042109,0.012315,-0.019934,-0.012263,0.050943,-0.342049,0.94883,0.867093,0.168623,0.150913,0.130472,-0.081472,0.033474,0.838808,-0.802149,0.176586,-0.123124
0.10396,-0.258138,0.788199,-0.023104,0.02327,0.9984,-0.046059,0.075946,-0.182824,-0.110981,0.526185,0.025624,0.019445,-0.406898,-0.014962,0.000188,0.323248,0.047481,0.06777,-0.044343,0.028669,-0.021208,0.005688,0.063738,-0.371507,0.958042,0.891803,0.176996,0.128181,0.127035,-0.073046,0.009188,0.846629,-0.796631,0.158202,-0.138181
0.089539,-0.257592,0.788422,-0.025547,0.015963,0.997631,-0.061849,0.020064,-0.164208,-0.10924,0.640983,0.088927,-0.040488,-0.393118,-0.017729,-0.036184,0.335924,0.017449,0.059309,-0.048003,0.04384,-0.020795,0.012297,0.089174,-0.408712,0.959337,0.917818,0.16755,0.099147,0.126516,-0.063596,-0.011906,0.843678,-0.786773,0.137171,-0.156589
0.076542,-0.257082,0.786563,-0.027538,0.008132,0.996306,-0.080925,-0.05415,-0.134681,-0.087342,0.779231,0.149223,-0.107561,-0.384927,-0.022375,-0.077246,0.356973,-0.016154,0.056881,-0.052081,0.058806,-0.018572,0.013052,0.124385,-0.438897,0.946548,0.935219,0.146655,0.069288,0.125952,-0.055471,-0.023728,0.838376,-0.778427,0.116408,-0.173278
0.064203,-0.256649,0.785379,-0.029125,-0.000636,0.994396,-0.101625,-0.132702,-0.081526,-0.040573,0.921198,0.179186,-0.213856,-0.380124,-0.027063,-0.12136,0.385052,-0.050847,0.057093,-0.055389,0.073995,-0.014841,0.012678,0.163146,-0.447785,0.918829,0.933882,0.124912,0.044916,0.121696,-0.051172,-0.023086,0.837171,-0.776721,0.099584,-0.183203
0.052232,-0.256516,0.783906,-0.029758,-0.008842,0.992136,-0.121253,-0.208597,-0.012138,0.019819,1.0426,0.180077,-0.244558,-0.371554,-0.03089,-0.164204,0.408289,-0.081172,0.051339,-0.055854,0.089516,-0.010451,0.0156,0.195393,-0.430508,0.880534,0.910968,0.111339,0.034754,0.111505,-0.053656,-0.010575,0.843669,-0.785103,0.090079,-0.185703
0.040283,-0.256933,0.783119,-0.028916,-0.015803,0.989978,-0.137326,-0.278137,0.042451,0.057767,1.132641,0.147991,-0.22124,-0.354907,-0.032209,-0.201002,0.421161,-0.105526,0.047287,-0.051276,0.104585,-0.005975,0.023634,0.215484,-0.392162,0.838568,0.872749,0.110112,0.046336,0.095715,-0.062577,0.010799,0.858941,-0.803606,0.089783,-0.181895
0.028408,-0.25808,0.783292,-0.027154,-0.021213,0.987771,-0.152057,-0.332423,0.083179,0.092409,1.177448,0.11336,-0.21571,-0.331551,-0.033885,-0.233761,0.42479,-0.121871,0.04556,-0.045185,0.117865,-0.002694,0.033497,0.223959,-0.345143,0.801583,0.827803,0.119641,0.080171,0.081626,-0.076669,0.0359,0.881724,-0.829205,0.091522,-0.175255
0.016704,-0.259965,0.784221,-0.02477,-0.025022,0.985511,-0.165919,-0.374461,0.113802,0.119951,1.181962,0.0972,-0.231406,-0.303949,-0.036855,-0.263278,0.423044,-0.133336,0.046209,-0.038295,0.128745,-0.000739,0.046095,0.224154,-0.301628,0.767342,0.787368,0.134901,0.123749,0.063363,-0.089718,0.059316,0.901044,-0.855109,0.100627,-0.162031
0.005303,-0.262479,0.785583,-0.02222,-0.027285,0.983178,-0.179229,-0.40735,0.13912,0.141607,1.153188,0.05544,-0.224456,-0.275783,-0.041944,-0.290178,0.421511,-0.143148,0.048865,-0.030742,0.137274,0.000108,0.057163,0.222189,-0.273309,0.737552,0.757563,0.147352,0.15903,0.048465,-0.101034,0.074366,0.909139,-0.872233,0.106896,-0.151491
-0.005674,-0.265498,0.787297,-0.020294,-0.027317,0.98078,-0.192125,-0.431397,0.161398,0.159168,1.097265,0.001272,-0.21295,-0.24769,-0.050513,-0.314432,0.418497,-0.151139,0.053373,-0.022713,0.143333,-8.9e-05,0.065459,0.221024,-0.263937,0.713005,0.740929,0.151984,0.175539,0.038963,-0.11098,0.078034,0.904506,-0.874881,0.105411,-0.152562
-0.015987,-0.26904,0.788941,-0.019111,-0.027064,0.978323,-0.204419,-0.446913,0.187817,0.175703,1.020635,-0.052657,-0.201432,-0.222022,-0.059734,-0.336978,0.416059,-0.158128,0.059309,-0.014222,0.14745,-0.000912,0.07206,0.222657,-0.267867,0.693438,0.736349,0.150332,0.175272,0.033275,-0.118673,0.074527,0.892872,-0.864876,0.097653,-0.166233
-0.025597,-0.273041,0.79056,-0.018786,-0.026335,0.975993,-0.215388,-0.451813,0.225613,0.202724,0.927083,-0.086119,-0.173115,-0.196891,-0.068572,-0.35659,0.408855,-0.161797,0.066721,-0.005226,0.150335,-0.002364,0.079137,0.222741,-0.276487,0.679277,0.738784,0.147058,0.168105,0.028566,-0.126367,0.071384,0.881295,-0.850508,0.089371,-0.18479
-0.034523,-0.277443,0.792046,-0.019071,-0.025109,0.974037,-0.224181,-0.450382,0.259938,0.230421,0.819598,-0.095378,-0.149783,-0.171423,-0.076081,-0.372351,0.395354,-0.162761,0.074135,0.004545,0.151917,-0.003977,0.088188,0.218161,-0.284355,0.671527,0.744418,0.146911,0.161439,0.022583,-0.135378,0.073873,0.873752,-0.839172,0.085371,-0.198308
-0.042818,-0.282231,0.793088,-0.019746,-0.024124,0.972455,-0.230998,-0.444878,0.285997,0.250892,0.705665,-0.08877,-0.116735,-0.14693,-0.08186,-0.385654,0.379551,-0.164631,0.081132,0.014863,0.152139,-0.005563,0.098856,0.209505,-0.290441,0.670718,0.752495,0.152718,0.156233,0.014528,-0.144735,0.082032,0.870742,-0.832739,0.086487,-0.20274
-0.050557,-0.287406,0.793734,-0.020776,-0.023619,0.971116,-0.236527,-0.437798,0.298775,0.254748,0.586716,-0.056531,-0.088872,-0.123834,-0.086506,-0.398137,0.363211,-0.166952,0.087814,0.02529,0.151116,-0.00722,0.109317,0.198024,-0.295896,0.676836,0.763508,0.164317,0.150573,0.004454,-0.153213,0.092984,0.871142,-0.829282,0.090273,-0.198904
-0.057806,-0.292909,0.794119,-0.022519,-0.022836,0.969737,-0.242036,-0.431609,0.306015,0.253087,0.471857,-0.013875,-0.083605,-0.101195,-0.091136,-0.409761,0.343491,-0.167755,0.094651,0.034475,0.148993,-0.009185,0.119319,0.182978,-0.300272,0.687344,0.778215,0.18026,0.143013,-0.01035,-0.159948,0.104579,0.873454,-0.82811,0.098482,-0.18924
-0.06466,-0.298974,0.793945,-0.024366,-0.023518,0.968195,-0.247895,-0.423218,0.31756,0.266308,0.36477,0.020194,-0.08014,-0.080227,-0.093296,-0.41986,0.324759,-0.168964,0.102427,0.041662,0.14699,-0.011615,0.125015,0.16653,-0.301197,0.7069,0.792841,0.197871,0.134979,-0.021292,-0.166153,0.114635,0.876102,-0.827576,0.104097,-0.180971
-0.071321,-0.305743,0.793117,-0.025688,-0.025635,0.966693,-0.253353,-0.414892,0.329039,0.283392,0.276366,0.046743,-0.075338,-0.060189,-0.092802,-0.427686,0.308695,-0.171602,0.111251,0.047573,0.145234,-0.014014,0.128213,0.149251,-0.296574,0.734128,0.803273,0.214215,0.127602,-0.029533,-0.169652,0.122075,0.878433,-0.826573,0.108936,-0.175753
-0.077917,-0.313416,0.791445,-0.025836,-0.029492,0.965018,-0.259236,-0.411292,0.349549,0.32315,0.227286,0.054786,-0.064028,-0.040305,-0.090085,-0.43534,0.297984,-0.176984,0.121422,0.050882,0.144,-0.016004,0.129594,0.133769,-0.289245,0.767163,0.808681,0.224546,0.117747,-0.034872,-0.169082,0.126221,0.880262,-0.823529,0.112971,-0.174095
-0.084554,-0.322153,0.788777,-0.024879,-0.034323,0.963349,-0.264881,-0.407207,0.369858,0.372535,0.216699,0.04903,-0.027177,-0.019221,-0.086442,-0.442731,0.290831,-0.185435,0.132519,0.052955,0.143032,-0.017705,0.125228,0.118466,-0.287666,0.811075,0.811591,0.225915,0.104709,-0.035048,-0.16555,0.127822,0.882848,-0.817958,0.113393,-0.177749
-0.091291,-0.332171,0.784334,-0.022987,-0.038688,0.962205,-0.268582,-0.396256,0.376817,0.388394,0.225017,0.05868,-0.017602,0.004008,-0.084853,-0.447691,0.285963,-0.196759,0.145801,0.056284,0.141145,-0.019312,0.123163,0.111101,-0.287313,0.849152,0.812675,0.216555,0.082358,-0.034439,-0.16049,0.128307,0.884641,-0.811324,0.113018,-0.180923
-0.097778,-0.34341,0.78301,-0.020354,-0.041828,0.961694,-0.27015,-0.387346,0.374594,0.377959,0.239913,0.085749,-0.00653,0.028138,-0.086852,-0.448662,0.282253,-0.200716,0.163134,0.060548,0.138515,-0.021087,0.124667,0.104735,-0.277958,0.876122,0.804783,0.203874,0.062864,-0.032453,-0.154791,0.129752,0.885998,-0.805265,0.111995,-0.18328
-0.104053,-0.355722,0.782915,-0.018377,-0.042538,0.961575,-0.270603,-0.369473,0.3645,0.369721,0.240067,0.130394,-0.002031,0.051641,-0.095273,-0.44573,0.276595,-0.188987,0.183718,0.063931,0.134703,-0.024105,0.129614,0.093797,-0.25337,0.891322,0.784045,0.193393,0.058815,-0.029562,-0.150273,0.132731,0.888041,-0.801182,0.112029,-0.184481
-0.109893,-0.368909,0.785755,-0.017285,-0.041471,0.961575,-0.270841,-0.345409,0.35337,0.377632,0.233407,0.14401,-0.01791,0.070121,-0.110736,-0.439497,0.276477,-0.161834,0.205248,0.065945,0.128957,-0.028457,0.134963,0.081023,-0.223147,0.899728,0.762456,0.187662,0.070394,-0.024955,-0.145568,0.135543,0.891952,-0.799105,0.1159,-0.185061
-0.115817,-0.383324,0.791592,-0.017347,-0.038608,0.961453,-0.271692,-0.319418,0.335579,0.390533,0.232684,0.127809,-0.021623,0.08552,-0.13314,-0.427686,0.284813,-0.120898,0.224892,0.067792,0.120683,-0.033523,0.134453,0.068671,-0.204285,0.907387,0.758328,0.189661,0.086105,-0.016155,-0.138566,0.136635,0.894757,-0.795585,0.127176,-0.184969
-0.12106,-0.398062,0.795096,-0.018387,-0.035239,0.960991,-0.27371,-0.299908,0.313301,0.398183,0.236818,0.106076,-0.012981,0.09414,-0.15829,-0.414893,0.296133,-0.075244,0.239943,0.070098,0.110491,-0.038866,0.129049,0.064164,-0.201857,0.913993,0.77366,0.192187,0.093827,-0.002901,-0.129031,0.129655,0.896016,-0.788403,0.138679,-0.181689
-0.125946,-0.412853,0.797615,-0.020275,-0.031661,0.960136,-0.276993,-0.286543,0.289459,0.402425,0.245931,0.083791,-0.005708,0.101668,-0.18237,-0.405211,0.304895,-0.029495,0.246706,0.072463,0.09939,-0.04423,0.119924,0.064959,-0.208903,0.9164,0.796748,0.188263,0.090584,0.0137,-0.118074,0.113657,0.893153,-0.778565,0.141809,-0.17309
-0.130638,-0.42773,0.799518,-0.022414,-0.028097,0.958936,-0.281336,-0.276101,0.265068,0.404782,0.257763,0.060075,0.001431,0.110792,-0.204956,-0.399074,0.309869,0.017778,0.247625,0.074075,0.087924,-0.049442,0.106312,0.066165,-0.21619,0.914249,0.815891,0.177515,0.081491,0.031656,-0.106972,0.09935,0.88415,-0.767834,0.1364,-0.161804
-0.135169,-0.442804,0.800833,-0.024536,-0.024389,0.957426,-0.2866,-0.265844,0.239397,0.405743,0.269357,0.035356,0.008667,0.121952,-0.228264,-0.395494,0.313159,0.065806,0.247715,0.074437,0.076031,-0.054684,0.090288,0.067062,-0.218736,0.909208,0.827408,0.164211,0.074233,0.048372,-0.099834,0.094271,0.87341,-0.763907,0.125127,-0.149692
-0.139449,-0.458028,0.80148,-0.026848,-0.020152,0.955657,-0.292564,-0.254756,0.211244,0.405805,0.278567,0.011038,0.016097,0.132189,-0.253909,-0.392242,0.319853,0.110786,0.247727,0.073592,0.0635,-0.060307,0.071953,0.064909,-0.215417,0.904578,0.833918,0.156377,0.075067,0.063102,-0.098143,0.101946,0.863867,-0.770186,0.117911,-0.139463
-0.143346,-0.473268,0.801312,-0.029681,-0.014951,0.953675,-0.298998,-0.242708,0.179402,0.405192,0.28395,-0.011697,0.023623,0.137437,-0.283747,-0.386485,0.336533,0.147147,0.247725,0.071911,0.050104,-0.066347,0.056037,0.064556,-0.204435,0.901799,0.836864,0.148634,0.08512,0.077957,-0.100296,0.112327,0.855848,-0.785454,0.118643,-0.12915
-0.146824,-0.48835,0.800237,-0.032936,-0.008529,0.951419,-0.306014,-0.23033,0.143754,0.402942,0.286957,-0.033072,0.030404,0.133636,-0.319058,-0.373408,0.370975,0.174753,0.247711,0.069606,0.035559,-0.072056,0.035681,0.056238,-0.190205,0.903132,0.838459,0.148512,0.101876,0.088445,-0.097627,0.119619,0.849377,-0.800641,0.132708,-0.117355
-0.149963,-0.503188,0.798325,-0.036133,-0.001225,0.948796,-0.313813,-0.218367,0.105871,0.397902,0.290467,-0.053887,0.036061,0.119991,-0.36253,-0.36027,0.425996,0.207499,0.247557,0.067012,0.019704,-0.076298,0.015545,0.04644,-0.176476,0.90494,0.838673,0.149132,0.119883,0.099838,-0.097184,0.119246,0.843784,-0.808078,0.143428,-0.103348
-0.152884,-0.517494,0.795524,-0.039009,0.00691,0.945595,-0.322924,-0.208303,0.06696,0.389158,0.298333,-0.075598,0.041642,0.097376,-0.411982,-0.346823,0.498854,0.248484,0.24479,0.063604,0.002481,-0.077912,-0.005434,0.036304,-0.167187,0.908209,0.839937,0.148476,0.135715,0.110839,-0.100198,0.117437,0.837062,-0.811231,0.147472,-0.089258
-0.155646,-0.530877,0.791966,-0.041368,0.0157,0.941828,-0.333171,-0.200059,0.02808,0.377303,0.311237,-0.098636,0.048587,0.066218,-0.466386,-0.342954,0.589201,0.284191,0.215541,0.059482,-0.015999,-0.076107,-0.027454,0.026734,-0.165007,0.913267,0.844787,0.145581,0.14763,0.120785,-0.108888,0.120048,0.828171,-0.816793,0.145857,-0.077484
-0.158653,-0.543665,0.789142,-0.043054,0.02485,0.937439,-0.344583,-0.190754,-0.010857,0.362488,0.325448,-0.123149,0.057397,0.031643,-0.532912,-0.354374,0.692015,0.310441,0.14427,0.054173,-0.035999,-0.070884,-0.04976,0.019018,-0.170204,0.919196,0.853381,0.139773,0.154572,0.129736,-0.121939,0.126847,0.816769,-0.826125,0.141978,-0.070096
-0.161832,-0.555452,0.785018,-0.044136,0.035013,0.931997,-0.358061,-0.180947,-0.050703,0.343295,0.341495,-0.148625,0.066405,-0.010407,-0.591154,-0.346064,0.799503,0.307431,0.084354,0.045124,-0.057524,-0.062195,-0.071288,0.013343,-0.181164,0.924685,0.863589,0.131016,0.157441,0.137404,-0.136564,0.133349,0.803682,-0.835034,0.139023,-0.068095
-0.165339,-0.566229,0.780863,-0.043441,0.045329,0.924796,-0.375247,-0.169993,-0.089098,0.316628,0.361403,-0.173762,0.074357,-0.081388,-0.577443,-0.246483,0.911419,0.244668,0.062696,0.02979,-0.077743,-0.049697,-0.091261,0.009541,-0.195473,0.929514,0.87302,0.120978,0.158582,0.143474,-0.150227,0.136425,0.791142,-0.839463,0.138163,-0.070923
-0.169201,-0.576311,0.777711,-0.041449,0.052168,0.917657,-0.391748,-0.158462,-0.117979,0.288355,0.38085,-0.194876,0.080739,-0.165184,-0.481499,-0.093196,1.014707,0.13935,0.089059,0.017032,-0.092869,-0.036821,-0.108964,0.007682,-0.21065,0.93469,0.880147,0.112709,0.159587,0.148166,-0.160473,0.136163,0.781762,-0.839217,0.139641,-0.076803
-0.173492,-0.585982,0.775866,-0.040222,0.055141,0.911914,-0.404666,-0.149198,-0.136435,0.264623,0.397527,-0.209677,0.085419,-0.233448,-0.393597,0.002519,1.083152,0.058057,0.114269,0.012869,-0.103121,-0.02692,-0.12302,0.006613,-0.224522,0.940485,0.883771,0.107603,0.160509,0.151973,-0.16717,0.134134,0.776157,-0.836761,0.143381,-0.082586
-0.178133,-0.595569,0.775317,-0.039359,0.054817,0.906259,-0.417301,-0.139067,-0.148445,0.24052,0.406646,-0.219138,0.089377,-0.289227,-0.335485,0.037804,1.110829,-0.011328,0.114652,0.011979,-0.109719,-0.019942,-0.131846,0.006486,-0.236145,0.945133,0.883285,0.104187,0.160143,0.155479,-0.16969,0.131749,0.772779,-0.83308,0.147602,-0.08557
-0.183034,-0.605138,0.775725,-0.039061,0.05276,0.899863,-0.431205,-0.128442,-0.157827,0.213397,0.41045,-0.225009,0.093015,-0.339085,-0.297298,0.034793,1.100797,-0.079367,0.090556,0.010207,-0.113525,-0.014585,-0.135103,0.007049,-0.246554,0.945989,0.878694,0.099273,0.158847,0.158398,-0.16986,0.129594,0.76933,-0.828255,0.150006,-0.085732
-0.188085,-0.61476,0.776802,-0.039285,0.049601,0.89269,-0.446207,-0.116835,-0.165725,0.183144,0.409596,-0.228201,0.096403,-0.383183,-0.263735,0.015213,1.058803,-0.131519,0.061841,0.006955,-0.114494,-0.009983,-0.133465,0.008821,-0.258564,0.942605,0.871623,0.091284,0.157666,0.1604,-0.169074,0.127838,0.765477,-0.822357,0.149713,-0.085272
-0.193146,-0.62453,0.77809,-0.039523,0.045377,0.885259,-0.46119,-0.103146,-0.171367,0.15133,0.404236,-0.229884,0.0995,-0.423418,-0.218432,-0.000493,0.990181,-0.173366,0.044956,0.003806,-0.112057,-0.005364,-0.127661,0.01282,-0.274569,0.936589,0.864934,0.081462,0.156344,0.161012,-0.167559,0.126632,0.7633,-0.816196,0.148205,-0.086202
-0.198117,-0.634496,0.778957,-0.039791,0.04072,0.878271,-0.474762,-0.087971,-0.175026,0.120847,0.396535,-0.231929,0.102363,-0.460455,-0.167651,-0.009368,0.901046,-0.191833,0.055029,0.003018,-0.106333,-0.000344,-0.117836,0.019001,-0.294064,0.929506,0.860676,0.072388,0.153624,0.15934,-0.165788,0.12614,0.76567,-0.810934,0.147671,-0.08862
-0.202917,-0.644764,0.779172,-0.040298,0.035885,0.871737,-0.486994,-0.072049,-0.177633,0.092066,0.38711,-0.234677,0.105358,-0.492862,-0.116937,-0.007834,0.796267,-0.181412,0.065386,0.005172,-0.098239,0.004896,-0.104273,0.026467,-0.313116,0.92226,0.857858,0.066927,0.149276,0.15427,-0.163448,0.12659,0.774354,-0.807614,0.149421,-0.091487
-0.207491,-0.655485,0.778971,-0.040902,0.030409,0.865131,-0.49895,-0.054661,-0.179417,0.062389,0.37362,-0.237057,0.108315,-0.519289,-0.064964,0.009905,0.679857,-0.144077,0.085699,0.009496,-0.088443,0.009855,-0.087968,0.034332,-0.328068,0.91578,0.853603,0.065403,0.144922,0.145657,-0.159431,0.127796,0.788828,-0.807056,0.153952,-0.093219
-0.212059,-0.666788,0.778332,-0.042124,0.026048,0.857722,-0.511722,-0.036184,-0.183597,0.031168,0.359387,-0.240693,0.111156,-0.532921,-0.02537,0.038244,0.549113,-0.089506,0.111954,0.014861,-0.077598,0.014155,-0.070109,0.040511,-0.339077,0.911749,0.846592,0.064701,0.143555,0.136222,-0.155642,0.127801,0.805315,-0.809206,0.16109,-0.092753
-0.216688,-0.678801,0.777474,-0.042962,0.022264,0.848808,-0.526482,-0.014101,-0.188509,-0.00376,0.342529,-0.243804,0.114434,-0.532323,0.008096,0.090863,0.414177,-0.039148,0.120228,0.019351,-0.065465,0.01806,-0.052249,0.046403,-0.347752,0.911145,0.838117,0.061993,0.147188,0.128805,-0.151005,0.124862,0.818705,-0.811451,0.167711,-0.09086
-0.221597,-0.691494,0.776325,-0.043245,0.019384,0.838574,-0.542722,0.010808,-0.193047,-0.040496,0.326639,-0.247668,0.118175,-0.522286,0.02871,0.152182,0.306751,-0.012196,0.14037,0.023129,-0.052448,0.021827,-0.035449,0.052499,-0.3547,0.914238,0.829044,0.057622,0.155361,0.125197,-0.146175,0.118681,0.824894,-0.811598,0.170152,-0.089997
-0.227061,-0.704797,0.774506,-0.043276,0.018363,0.827727,-0.559159,0.036396,-0.197461,-0.07493,0.317938,-0.254409,0.122257,-0.519762,0.030045,0.181926,0.274532,0.021673,0.155061,0.027266,-0.040488,0.025659,-0.020253,0.058806,-0.359913,0.921145,0.820077,0.055499,0.165075,0.125444,-0.142377,0.111043,0.823223,-0.809683,0.166475,-0.093043
-0.233108,-0.718668,0.771319,-0.043281,0.018818,0.817345,-0.574212,0.060422,-0.200842,-0.102694,0.319447,-0.260304,0.126924,-0.520938,0.012086,0.156667,0.313644,0.054584,0.13674,0.032036,-0.030355,0.028512,-0.005045,0.066244,-0.362813,0.930872,0.81282,0.060262,0.173686,0.127289,-0.138825,0.104724,0.818596,-0.808068,0.159614,-0.101767
-0.239442,-0.732788,0.769502,-0.041906,0.018517,0.807694,-0.587819,0.083094,-0.198503,-0.124085,0.327028,-0.260923,0.132772,-0.520864,-0.003807,0.122346,0.371588,0.049585,0.11297,0.035037,-0.019315,0.029747,0.017394,0.07611,-0.360152,0.935453,0.810135,0.076012,0.179494,0.122952,-0.128486,0.101996,0.823995,-0.80894,0.157627,-0.117817
-0.245663,-0.74697,0.77158,-0.039224,0.016636,0.799127,-0.599651,0.101051,-0.189495,-0.136444,0.33986,-0.238926,0.143203,-0.508925,-0.012937,0.095061,0.405329,0.028115,0.09974,0.036113,-0.005425,0.028536,0.044467,0.087261,-0.350423,0.941093,0.806386,0.099011,0.184821,0.124837,-0.124282,0.096291,0.837222,-0.81031,0.149613,-0.132665
-0.251956,-0.761878,0.778533,-0.036068,0.013582,0.791168,-0.610383,0.114553,-0.178047,-0.140259,0.363846,-0.18829,0.160381,-0.478879,-0.020015,0.06936,0.409073,0.008657,0.090209,0.036107,0.010735,0.024646,0.071499,0.095175,-0.33437,0.949881,0.800353,0.126151,0.186523,0.120988,-0.1172,0.090764,0.855565,-0.813457,0.150406,-0.138125
-0.257815,-0.776384,0.784229,-0.032815,0.009011,0.783119,-0.620941,0.116629,-0.164131,-0.146643,0.391279,-0.122177,0.16721,-0.43916,-0.026453,0.039669,0.389335,-0.01064,0.094842,0.036034,0.027482,0.018147,0.093207,0.104152,-0.320193,0.964188,0.793773,0.147733,0.17904,0.116323,-0.112136,0.08261,0.874647,-0.818647,0.148272,-0.134428
-0.263462,-0.790513,0.789294,-0.029362,0.003477,0.774548,-0.631823,0.104976,-0.151085,-0.160185,0.437147,-0.04542,0.16241,-0.396369,-0.031024,0.007311,0.360144,-0.026794,0.113008,0.035992,0.043408,0.010701,0.108106,0.111114,-0.321337,0.97768,0.79558,0.163906,0.158684,0.106882,-0.104736,0.076993,0.89166,-0.825097,0.144595,-0.129892
-0.269182,-0.804046,0.792647,-0.025671,-0.001691,0.764807,-0.643746,0.075941,-0.137257,-0.164343,0.513066,0.032518,0.149543,-0.358973,-0.033754,-0.026688,0.339861,-0.043084,0.12427,0.034639,0.057339,0.004874,0.114707,0.130233,-0.338913,0.983463,0.8084,0.161261,0.119181,0.099443,-0.099134,0.073499,0.900122,-0.83121,0.13528,-0.129698
-0.274947,-0.816754,0.792892,-0.020791,-0.006827,0.753926,-0.656594,0.026112,-0.118533,-0.155194,0.627109,0.101977,0.097954,-0.331533,-0.032718,-0.063166,0.337684,-0.064321,0.117675,0.031632,0.06911,0.002632,0.113969,0.158513,-0.367474,0.976978,0.829691,0.142381,0.072725,0.095786,-0.089941,0.074841,0.89643,-0.835319,0.125802,-0.135678
-0.28062,-0.828589,0.789885,-0.01362,-0.012883,0.742091,-0.670037,-0.043957,-0.088501,-0.136807,0.773878,0.165252,-0.001635,-0.31335,-0.026315,-0.102947,0.353473,-0.092229,0.100543,0.027235,0.079926,0.003916,0.112089,0.199209,-0.393412,0.952783,0.848316,0.11077,0.032915,0.088959,-0.078847,0.078414,0.891374,-0.836857,0.113287,-0.143723
-0.2865,-0.840266,0.786633,-0.005341,-0.018909,0.730092,-0.683066,-0.123623,-0.043567,-0.106334,0.927476,0.229522,-0.097639,-0.295638,-0.016307,-0.143288,0.372293,-0.12145,0.079584,0.022206,0.091125,0.006791,0.110677,0.241156,-0.404649,0.914591,0.855138,0.080611,0.010856,0.077042,-0.069106,0.08685,0.888591,-0.838717,0.10026,-0.150311
-0.291978,-0.852062,0.783123,0.004083,-0.025735,0.718935,-0.694589,-0.207477,0.010826,-0.078511,1.069036,0.278852,-0.138681,-0.277993,-0.001705,-0.181802,0.390849,-0.150403,0.061635,0.018657,0.103604,0.010346,0.113227,0.275011,-0.392283,0.867689,0.849013,0.066429,0.012402,0.056489,-0.062506,0.101047,0.888125,-0.842957,0.093874,-0.150436
-0.296889,-0.864327,0.78023,0.012927,-0.031782,0.70971,-0.703658,-0.285828,0.047937,-0.069556,1.18116,0.25776,-0.138056,-0.256825,0.014321,-0.214188,0.402062,-0.177179,0.051169,0.017985,0.116379,0.013683,0.118103,0.289626,-0.355517,0.825065,0.828634,0.073717,0.040576,0.034209,-0.06233,0.116549,0.892925,-0.849071,0.091962,-0.148205
-0.301095,-0.877229,0.778195,0.020479,-0.036232,0.702528,-0.710439,-0.356814,0.061344,-0.070778,1.251029,0.192971,-0.131437,-0.23171,0.029483,-0.23901,0.406018,-0.201557,0.046359,0.019404,0.127264,0.016789,0.126841,0.281097,-0.29948,0.790456,0.796524,0.100062,0.091787,0.011207,-0.064767,0.12773,0.901304,-0.852895,0.097054,-0.14387
-0.304632,-0.890769,0.777024,0.025776,-0.038522,0.697604,-0.714982,-0.416288,0.061419,-0.070035,1.274609,0.135714,-0.124296,-0.204256,0.041764,-0.255387,0.404789,-0.223039,0.041336,0.02244,0.134552,0.019366,0.138002,0.25369,-0.238326,0.762462,0.757788,0.134562,0.153565,-0.010617,-0.066911,0.132065,0.90903,-0.851742,0.107853,-0.139069
-0.307492,-0.904751,0.776251,0.029311,-0.039706,0.694816,-0.717492,-0.466194,0.055719,-0.065678,1.256731,0.072649,-0.103639,-0.179884,0.051519,-0.264451,0.407483,-0.245206,0.034871,0.027388,0.138054,0.021491,0.148491,0.221448,-0.192117,0.738872,0.722806,0.162987,0.205753,-0.030174,-0.067437,0.131425,0.910856,-0.84576,0.11866,-0.136998
-0.309759,-0.919117,0.775707,0.031021,-0.040244,0.693688,-0.718481,-0.509426,0.051987,-0.058501,1.203472,0.000916,-0.096589,-0.159002,0.058429,-0.267583,0.414306,-0.269053,0.028522,0.034158,0.138255,0.022996,0.156536,0.197259,-0.175825,0.719907,0.703163,0.175228,0.229387,-0.046776,-0.068165,0.129817,0.903834,-0.836704,0.123006,-0.140497
-0.311596,-0.933885,0.775581,0.030427,-0.040058,0.693631,-0.718572,-0.542773,0.054,-0.045154,1.113402,-0.052262,-0.076743,-0.137083,0.062285,-0.266378,0.415571,-0.290761,0.023832,0.042384,0.135814,0.023568,0.161686,0.184961,-0.188822,0.707455,0.7045,0.170229,0.220889,-0.059301,-0.071511,0.130264,0.888397,-0.825326,0.117142,-0.1498
-0.312993,-0.94903,0.77556,0.028663,-0.039671,0.693923,-0.718384,-0.564986,0.055622,-0.031609,0.992723,-0.083244,-0.058113,-0.111943,0.064753,-0.263021,0.408635,-0.309011,0.021249,0.051253,0.131418,0.023547,0.164197,0.181167,-0.216875,0.703417,0.722765,0.155599,0.19279,-0.066708,-0.077038,0.134967,0.868385,-0.812581,0.102643,-0.163149
-0.313965,-0.964558,0.775292,0.026578,-0.039005,0.69435,-0.718088,-0.573978,0.058426,-0.016938,0.84609,-0.094697,-0.029776,-0.082147,0.066754,-0.2585,0.392928,-0.323148,0.019823,0.06,0.126136,0.023266,0.161729,0.177887,-0.245699,0.713517,0.746602,0.140138,0.159418,-0.066059,-0.084906,0.145377,0.848307,-0.800517,0.083101,-0.178035
-0.314507,-0.980542,0.774674,0.024585,-0.037976,0.695159,-0.717431,-0.572171,0.058454,-0.004447,0.685561,-0.072407,-0.004848,-0.048121,0.068429,-0.252976,0.370831,-0.334657,0.019543,0.068515,0.120783,0.023137,0.162084,0.170318,-0.266993,0.729406,0.770722,0.129146,0.126729,-0.064609,-0.092478,0.160228,0.831484,-0.790555,0.068975,-0.186542
-0.314591,-0.997127,0.773716,0.02265,-0.037095,0.696867,-0.715882,-0.561021,0.049915,-0.009902,0.520775,-0.014279,-0.009973,-0.01297,0.069921,-0.245288,0.347371,-0.344869,0.020444,0.076661,0.115142,0.023139,0.165805,0.157608,-0.275181,0.747611,0.789958,0.123925,0.099772,-0.062386,-0.098762,0.177637,0.819741,-0.782276,0.061196,-0.187471
-0.314267,-1.01445,0.77256,0.019813,-0.036326,0.699374,-0.713557,-0.545382,0.0383,-0.026467,0.36456,0.058447,-0.020524,0.021582,0.069768,-0.23495,0.323483,-0.351345,0.022437,0.08342,0.108782,0.023022,0.174115,0.136082,-0.261826,0.764724,0.79206,0.125287,0.08714,-0.060932,-0.104273,0.196312,0.814424,-0.776186,0.059526,-0.182207
-0.31337,-1.032773,0.770995,0.017101,-0.035771,0.701876,-0.711194,-0.531062,0.030103,-0.035998,0.246078,0.087025,-0.024329,0.055298,0.068206,-0.223484,0.304399,-0.357688,0.026406,0.08751,0.101672,0.022787,0.187374,0.106,-0.223212,0.779465,0.766599,0.133353,0.093202,-0.059236,-0.10911,0.216032,0.816446,-0.77498,0.063566,-0.173824
-0.311734,-1.052262,0.769219,0.014915,-0.034374,0.70386,-0.70935,-0.518967,0.024484,-0.032522,0.190319,0.115262,-0.021427,0.090638,0.063613,-0.212245,0.290745,-0.364096,0.031248,0.089329,0.093708,0.022543,0.20107,0.075855,-0.177081,0.794437,0.728403,0.143749,0.110881,-0.053861,-0.114149,0.235116,0.824266,-0.781023,0.073425,-0.165158
-0.30928,-1.072819,0.767592,0.012633,-0.030732,0.705424,-0.708006,-0.505414,0.017155,-0.022141,0.198379,0.16983,-0.024541,0.12715,0.052251,-0.201735,0.285196,-0.364112,0.040438,0.090336,0.084102,0.022463,0.208582,0.058777,-0.155963,0.815993,0.71535,0.15313,0.123907,-0.041218,-0.119184,0.248128,0.834711,-0.790554,0.088,-0.159175
-0.306095,-1.094078,0.765616,0.009759,-0.024843,0.706195,-0.707514,-0.479113,0.003217,-0.008875,0.223883,0.209573,0.005983,0.160082,0.032736,-0.193861,0.294414,-0.342738,0.051577,0.091352,0.071963,0.022275,0.205799,0.059191,-0.174019,0.848866,0.748906,0.160855,0.122815,-0.019454,-0.121581,0.247665,0.846645,-0.794535,0.105905,-0.159649
-0.302715,-1.115375,0.77109,0.004225,-0.01661,0.705412,-0.70859,-0.453332,-0.020204,0.004966,0.244659,0.196572,0.023333,0.18671,0.004642,-0.190348,0.317537,-0.302674,0.057374,0.091988,0.056055,0.021465,0.193415,0.06604,-0.211478,0.891183,0.809821,0.165753,0.114484,0.009939,-0.121217,0.2312,0.861974,-0.787801,0.127044,-0.165421
-0.299415,-1.136386,0.776275,-0.00199,-0.008711,0.703495,-0.710644,-0.422627,-0.045043,0.015096,0.255938,0.164052,0.022057,0.193591,-0.02604,-0.189089,0.364563,-0.234421,0.053195,0.091728,0.037561,0.019319,0.177821,0.069499,-0.233106,0.933607,0.859561,0.171102,0.109249,0.042409,-0.11674,0.208895,0.883451,-0.775964,0.150035,-0.167148
-0.296428,-1.156753,0.781089,-0.008567,-0.002069,0.702447,-0.711682,-0.390786,-0.066253,0.025326,0.258745,0.132733,0.012809,0.179397,-0.057295,-0.18598,0.437329,-0.146678,0.044844,0.090172,0.019401,0.015706,0.165803,0.064979,-0.22141,0.964948,0.87624,0.179269,0.109864,0.070732,-0.114527,0.198965,0.909722,-0.772682,0.170393,-0.150117
-0.293635,-1.176303,0.784088,-0.01462,0.00354,0.703169,-0.710864,-0.363722,-0.083324,0.037685,0.265211,0.100239,0.01624,0.142288,-0.090908,-0.178351,0.543245,-0.04769,0.055073,0.087016,0.003545,0.012134,0.15887,0.055212,-0.185084,0.977666,0.864753,0.185301,0.116697,0.090533,-0.121797,0.213703,0.933832,-0.786316,0.178476,-0.106103
-0.290868,-1.194756,0.783584,-0.019445,0.009048,0.704698,-0.709183,-0.345039,-0.098729,0.050953,0.284864,0.06604,0.030968,0.082156,-0.129665,-0.172341,0.685669,0.043102,0.063834,0.082022,-0.010475,0.011061,0.153388,0.045575,-0.146597,0.973731,0.843246,0.180971,0.128894,0.102995,-0.141798,0.249774,0.94568,-0.814883,0.165941,-0.043848
-0.288179,-1.212672,0.781213,-0.024096,0.015902,0.705979,-0.707644,-0.332559,-0.115861,0.064654,0.318058,0.025726,0.041309,0.007458,-0.176681,-0.166712,0.844658,0.138406,0.07,0.074878,-0.024706,0.013799,0.144093,0.039959,-0.124979,0.963138,0.828719,0.164874,0.143454,0.112429,-0.172371,0.288804,0.937464,-0.847845,0.136947,0.012912
-0.285712,-1.230186,0.778244,-0.028938,0.024336,0.707351,-0.70585,-0.318361,-0.135113,0.079082,0.351446,-0.016018,0.051481,-0.069878,-0.229791,-0.154776,0.993551,0.219648,0.107788,0.066053,-0.040281,0.019476,0.130646,0.043796,-0.123055,0.958941,0.830072,0.138544,0.160005,0.125051,-0.203316,0.308767,0.908539,-0.871049,0.110518,0.040301
-0.283537,-1.247483,0.775812,-0.033434,0.034066,0.709253,-0.703337,-0.29579,-0.155232,0.093729,0.373543,-0.053186,0.06082,-0.148072,-0.272023,-0.12922,1.118809,0.246349,0.131094,0.056363,-0.056544,0.026571,0.104737,0.04866,-0.134539,0.962188,0.846506,0.124422,0.173573,0.138217,-0.21641,0.298202,0.873848,-0.874311,0.107661,0.026898
-0.281699,-1.264661,0.774362,-0.035864,0.043278,0.711865,-0.700064,-0.265431,-0.171877,0.106312,0.385143,-0.085205,0.068826,-0.227039,-0.279691,-0.090485,1.20743,0.168566,0.13908,0.04809,-0.070516,0.033402,0.075655,0.056657,-0.146909,0.968927,0.867456,0.121718,0.183075,0.154564,-0.215854,0.256194,0.839696,-0.852716,0.11945,-0.018173
-0.280255,-1.281775,0.773802,-0.036441,0.050194,0.714451,-0.69693,-0.232983,-0.183597,0.114746,0.391653,-0.113852,0.075432,-0.296462,-0.279977,-0.066317,1.247567,0.102834,0.134159,0.041724,-0.080471,0.038344,0.045344,0.063018,-0.150666,0.976535,0.88299,0.128205,0.190188,0.171155,-0.201865,0.198832,0.809717,-0.81452,0.135888,-0.077694
-0.279232,-1.29874,0.773813,-0.036014,0.054328,0.715893,-0.695161,-0.203946,-0.191218,0.117803,0.399524,-0.142032,0.080546,-0.355622,-0.272348,-0.054782,1.2419,0.041876,0.122234,0.035004,-0.08637,0.041191,0.014845,0.064954,-0.143811,0.981419,0.888624,0.139141,0.19756,0.183938,-0.183445,0.145588,0.783787,-0.774216,0.1482,-0.128883
-0.27857,-1.315503,0.774208,-0.035478,0.055866,0.716329,-0.694617,-0.17982,-0.195502,0.116847,0.409669,-0.170165,0.083984,-0.405524,-0.256106,-0.050478,1.195278,-0.038773,0.099574,0.026783,-0.088741,0.042237,-0.016893,0.060634,-0.131555,0.980687,0.885806,0.150847,0.206201,0.193227,-0.169567,0.109614,0.757579,-0.746831,0.1547,-0.156582
-0.27811,-1.332124,0.77509,-0.034646,0.054763,0.716389,-0.694686,-0.156214,-0.196035,0.112786,0.414234,-0.19488,0.085866,-0.446532,-0.242459,-0.057988,1.11078,-0.097731,0.093725,0.017453,-0.088138,0.04173,-0.044553,0.05647,-0.121695,0.973805,0.878849,0.153353,0.215844,0.195163,-0.16325,0.094183,0.735648,-0.736385,0.155747,-0.162068
-0.27781,-1.34861,0.776034,-0.03437,0.052302,0.716422,-0.694855,-0.132006,-0.195219,0.107422,0.411777,-0.215322,0.086521,-0.477574,-0.230406,-0.074383,0.995274,-0.129211,0.080951,0.007662,-0.085489,0.039979,-0.069436,0.053667,-0.121132,0.962651,0.872401,0.145158,0.221968,0.192165,-0.162383,0.091418,0.719046,-0.739143,0.153406,-0.156598
-0.277512,-1.364999,0.776774,-0.034208,0.048085,0.716548,-0.695037,-0.10556,-0.192494,0.100373,0.398804,-0.229347,0.086263,-0.49757,-0.217529,-0.097948,0.856588,-0.133631,0.078932,-0.001234,-0.081202,0.036805,-0.091944,0.054463,-0.132564,0.949313,0.87022,0.129694,0.222166,0.185892,-0.160253,0.091134,0.70962,-0.746226,0.151487,-0.149386
-0.277188,-1.381378,0.77709,-0.034679,0.042931,0.716391,-0.695513,-0.078353,-0.189703,0.092096,0.378918,-0.238086,0.085639,-0.507792,-0.196447,-0.11919,0.702446,-0.116836,0.067872,-0.008678,-0.075705,0.032281,-0.110392,0.059706,-0.153376,0.933163,0.871949,0.109991,0.215761,0.174765,-0.154601,0.087031,0.711446,-0.751316,0.152931,-0.143996
-0.276853,-1.397912,0.777082,-0.035786,0.037422,0.715525,-0.696665,-0.051374,-0.187621,0.082479,0.356322,-0.243364,0.084999,-0.510486,-0.166654,-0.125622,0.543091,-0.082042,0.086113,-0.014453,-0.069296,0.026771,-0.127967,0.062567,-0.179228,0.918775,0.875432,0.092667,0.206448,0.167567,-0.145558,0.077283,0.715677,-0.754193,0.157187,-0.140566
-0.276595,-1.414822,0.776758,-0.037491,0.03232,0.713765,-0.698634,-0.02473,-0.186973,0.071432,0.334563,-0.247243,0.08462,-0.507211,-0.138365,-0.12207,0.389786,-0.042145,0.128707,-0.018255,-0.062666,0.020888,-0.143308,0.061955,-0.20543,0.907457,0.877859,0.078767,0.19587,0.164898,-0.134703,0.062755,0.719892,-0.755153,0.162314,-0.138832
-0.276482,-1.432272,0.776121,-0.039163,0.027425,0.711207,-0.701355,0.001754,-0.186451,0.058791,0.315398,-0.250333,0.084555,-0.49864,-0.111375,-0.109944,0.257739,-0.022532,0.146188,-0.020756,-0.056238,0.015233,-0.154922,0.058285,-0.229016,0.898914,0.878125,0.068888,0.185552,0.166036,-0.122855,0.047105,0.723952,-0.755717,0.166509,-0.13824
-0.276891,-1.450495,0.774744,-0.041159,0.025469,0.707724,-0.704829,0.026315,-0.18878,0.045682,0.31122,-0.259236,0.084432,-0.50345,-0.094893,-0.088386,0.200231,-0.030116,0.189818,-0.022935,-0.050407,0.011405,-0.160642,0.050152,-0.249145,0.892165,0.876133,0.062064,0.1776,0.170576,-0.114713,0.033786,0.72838,-0.758424,0.169419,-0.136962
-0.277659,-1.469226,0.773728,-0.041546,0.022699,0.704336,-0.708287,0.052354,-0.186339,0.032287,0.30756,-0.264802,0.083827,-0.50185,-0.08051,-0.067194,0.189324,-0.016351,0.20681,-0.025207,-0.044976,0.00787,-0.158715,0.043681,-0.264801,0.885227,0.873132,0.057858,0.172872,0.175119,-0.106195,0.027603,0.736235,-0.765025,0.170605,-0.132353
-0.278794,-1.488567,0.773648,-0.039949,0.019121,0.700687,-0.712093,0.081621,-0.177679,0.020765,0.302636,-0.264764,0.082644,-0.488135,-0.067371,-0.063472,0.200841,0.043757,0.149115,-0.027252,-0.038568,0.003997,-0.148948,0.039457,-0.276304,0.87915,0.869226,0.055387,0.17108,0.179767,-0.097059,0.026707,0.748703,-0.775492,0.171689,-0.125013
-0.280289,-1.508917,0.775908,-0.036948,0.015956,0.696219,-0.7167,0.111779,-0.16624,0.011438,0.309742,-0.248697,0.080929,-0.467769,-0.058419,-0.072817,0.216542,0.107416,0.099129,-0.029056,-0.0297,-0.000179,-0.132561,0.034867,-0.283975,0.878112,0.865308,0.057515,0.171869,0.185622,-0.088603,0.025996,0.765022,-0.787505,0.174614,-0.11744
-0.281954,-1.529237,0.777403,-0.032685,0.011763,0.691724,-0.721326,0.133154,-0.150035,0.000803,0.325782,-0.216455,0.076707,-0.438817,-0.048764,-0.083826,0.22563,0.141171,0.072478,-0.030435,-0.017457,-0.005685,-0.11084,0.030759,-0.287428,0.885354,0.863878,0.06939,0.173827,0.191362,-0.079595,0.023582,0.785366,-0.79868,0.179772,-0.111514
-0.283467,-1.549213,0.781372,-0.027278,0.006063,0.68808,-0.725097,0.14514,-0.130215,-0.009723,0.35134,-0.169178,0.076529,-0.413112,-0.03785,-0.101636,0.236209,0.125376,0.06433,-0.030645,-0.002276,-0.012155,-0.085052,0.028354,-0.287299,0.900833,0.866357,0.09254,0.174987,0.195115,-0.070413,0.020825,0.809631,-0.808954,0.18618,-0.106301
-0.284952,-1.569051,0.785703,-0.02185,-6.3e-05,0.684439,-0.728743,0.146161,-0.109254,-0.019775,0.39036,-0.102954,0.069768,-0.385009,-0.026519,-0.121568,0.243892,0.097542,0.060567,-0.030377,0.013629,-0.01899,-0.057668,0.027794,-0.287359,0.922149,0.872062,0.121215,0.172609,0.196769,-0.063648,0.019613,0.834781,-0.819804,0.191977,-0.099076
-0.28657,-1.588393,0.789412,-0.016538,-0.006293,0.679827,-0.733159,0.135819,-0.087863,-0.031885,0.445124,-0.026537,0.049975,-0.355413,-0.013328,-0.140041,0.246274,0.070762,0.045792,-0.030333,0.027945,-0.025255,-0.032974,0.032662,-0.293808,0.945183,0.880979,0.145013,0.16342,0.196835,-0.059162,0.021055,0.855942,-0.831634,0.194248,-0.089176
-0.288338,-1.606806,0.791127,-0.011293,-0.012183,0.674279,-0.73829,0.111777,-0.065441,-0.039908,0.522029,0.045886,0.016035,-0.331856,-4.1e-05,-0.158476,0.256224,0.041777,0.023821,-0.030959,0.039877,-0.029536,-0.013976,0.047837,-0.31176,0.965025,0.894968,0.155193,0.146158,0.194874,-0.055497,0.024948,0.869602,-0.843276,0.190773,-0.080293
-0.290254,-1.623925,0.789851,-0.005821,-0.017751,0.668565,-0.743419,0.066531,-0.042145,-0.044848,0.634968,0.10883,-0.039968,-0.319943,0.013252,-0.176746,0.283436,0.007169,-0.004707,-0.03221,0.050049,-0.030302,-0.000251,0.075758,-0.338049,0.976558,0.912678,0.14985,0.124383,0.189093,-0.050851,0.031285,0.876116,-0.853127,0.181468,-0.076419
-0.292302,-1.6398,0.786166,0.000539,-0.02349,0.662376,-0.748803,0.000524,-0.0109,-0.042507,0.775705,0.178179,-0.122635,-0.315737,0.026797,-0.197008,0.322806,-0.032783,-0.028034,-0.034111,0.059724,-0.027691,0.010973,0.113388,-0.360145,0.976967,0.925909,0.134962,0.103039,0.17845,-0.044262,0.040292,0.87808,-0.860353,0.168992,-0.078311
-0.294254,-1.655255,0.782674,0.008436,-0.03014,0.655133,-0.754865,-0.075213,0.028384,-0.038827,0.924632,0.240211,-0.184754,-0.311433,0.041578,-0.221322,0.362944,-0.074462,-0.039384,-0.035674,0.07034,-0.022622,0.025144,0.153955,-0.363891,0.962248,0.927052,0.122089,0.082704,0.158209,-0.034438,0.052662,0.87683,-0.865719,0.162268,-0.081538
-0.295864,-1.670501,0.779082,0.017617,-0.036474,0.647054,-0.761367,-0.155299,0.070204,-0.040494,1.062084,0.280225,-0.206365,-0.299139,0.057234,-0.248453,0.391825,-0.113551,-0.044494,-0.035745,0.081925,-0.015954,0.040103,0.19171,-0.346517,0.944054,0.910347,0.115475,0.069462,0.143445,-0.03189,0.059443,0.892218,-0.871349,0.136249,-0.101384
-0.296981,-1.685905,0.776562,0.026313,-0.040388,0.639544,-0.767242,-0.230575,0.100223,-0.047864,1.167718,0.237969,-0.194436,-0.274948,0.072202,-0.271838,0.403498,-0.145996,-0.046797,-0.03383,0.092742,-0.008806,0.0508,0.213564,-0.314384,0.929712,0.883467,0.12433,0.069845,0.124404,-0.031335,0.064558,0.902288,-0.87865,0.121027,-0.119609
-0.297386,-1.701435,0.775125,0.033642,-0.042017,0.633779,-0.771639,-0.299094,0.114204,-0.056022,1.23215,0.166311,-0.162376,-0.244685,0.085699,-0.287977,0.405634,-0.172858,-0.048919,-0.029954,0.100872,-0.00185,0.059285,0.217443,-0.279005,0.924626,0.853596,0.145299,0.095111,0.106139,-0.031872,0.066764,0.913684,-0.886551,0.11265,-0.139748
-0.297005,-1.71701,0.774505,0.038596,-0.042066,0.630248,-0.774292,-0.358195,0.117879,-0.060476,1.250566,0.099412,-0.142197,-0.215059,0.095675,-0.296075,0.407166,-0.197842,-0.049993,-0.024016,0.105381,0.003904,0.066418,0.213404,-0.241736,0.91503,0.826324,0.169234,0.127629,0.08833,-0.031676,0.07082,0.91473,-0.891128,0.116939,-0.151024
-0.295958,-1.732598,0.774576,0.040631,-0.041014,0.628861,-0.775371,-0.409631,0.113177,-0.062833,1.226783,0.027026,-0.120135,-0.188248,0.100882,-0.297217,0.410467,-0.222782,-0.050037,-0.015587,0.106308,0.008078,0.076833,0.208224,-0.208669,0.898166,0.800873,0.183027,0.15678,0.067115,-0.034296,0.074711,0.912994,-0.891193,0.120426,-0.153317
-0.294445,-1.748172,0.775263,0.039873,-0.039399,0.62881,-0.775536,-0.454596,0.105731,-0.060401,1.165442,-0.039525,-0.094139,-0.162916,0.101797,-0.293889,0.411741,-0.246176,-0.049053,-0.00502,0.104226,0.010956,0.088021,0.20166,-0.185587,0.877447,0.779314,0.184609,0.175236,0.046009,-0.040149,0.082015,0.905387,-0.887605,0.115594,-0.150597
-0.292523,-1.763687,0.776116,0.03802,-0.038472,0.629145,-0.775403,-0.491193,0.105747,-0.050523,1.070605,-0.086699,-0.076887,-0.138755,0.10146,-0.289125,0.410666,-0.2678,-0.046799,0.006882,0.100296,0.01305,0.097986,0.196225,-0.173951,0.857282,0.764751,0.177956,0.181941,0.026943,-0.049003,0.095343,0.891635,-0.882586,0.102155,-0.147657
-0.290422,-1.779239,0.776931,0.034458,-0.037459,0.629801,-0.775087,-0.514955,0.109056,-0.032368,0.942451,-0.116173,-0.053174,-0.111088,0.099825,-0.282435,0.398138,-0.283769,-0.043118,0.019347,0.0953,0.014144,0.106174,0.188636,-0.170505,0.841565,0.757606,0.16956,0.181573,0.010477,-0.062087,0.114224,0.873505,-0.878027,0.085115,-0.146835
-0.288117,-1.794849,0.777124,0.030756,-0.037324,0.63062,-0.774584,-0.527025,0.113921,-0.00595,0.793777,-0.115761,-0.027802,-0.082233,0.099319,-0.275109,0.379937,-0.296343,-0.038322,0.031298,0.090024,0.014242,0.113533,0.178436,-0.168942,0.831728,0.756198,0.164998,0.18003,-0.003603,-0.076239,0.135936,0.854398,-0.873305,0.07007,-0.148266
-0.285664,-1.810583,0.776778,0.026932,-0.037924,0.631746,-0.773778,-0.531055,0.11226,0.018191,0.6365,-0.080685,-0.011561,-0.052986,0.099666,-0.267245,0.358133,-0.3048,-0.033143,0.042005,0.084748,0.01315,0.12114,0.163853,-0.165293,0.82751,0.757873,0.165596,0.181446,-0.016094,-0.089379,0.157244,0.837445,-0.866847,0.060411,-0.14962
-0.283113,-1.826523,0.776192,0.022253,-0.038508,0.633028,-0.77285,-0.531282,0.101629,0.03344,0.482172,-0.021467,-0.010242,-0.022776,0.099158,-0.258552,0.331711,-0.307658,-0.028092,0.050868,0.079073,0.011083,0.129087,0.144113,-0.1596,0.82826,0.761894,0.1701,0.187366,-0.027453,-0.101217,0.176044,0.824302,-0.858081,0.056909,-0.148418
-0.28016,-1.842945,0.775047,0.018666,-0.039748,0.634493,-0.77168,-0.526017,0.088668,0.036035,0.348095,0.022726,-0.039862,0.006419,0.099944,-0.249388,0.309886,-0.312018,-0.022643,0.057787,0.073177,0.008641,0.137832,0.123796,-0.15304,0.833072,0.769003,0.177765,0.196442,-0.036966,-0.109332,0.191761,0.815844,-0.848049,0.058656,-0.145618
-0.276621,-1.860078,0.773515,0.016659,-0.041163,0.636183,-0.770259,-0.520446,0.076137,0.032548,0.253349,0.045907,-0.05127,0.03493,0.101541,-0.239855,0.29585,-0.317087,-0.017359,0.062981,0.067843,0.006774,0.146693,0.104923,-0.14779,0.8416,0.778767,0.187471,0.204414,-0.043413,-0.113374,0.203426,0.81128,-0.838475,0.064618,-0.144106
-0.272387,-1.877946,0.772185,0.015507,-0.041891,0.638317,-0.768477,-0.516389,0.066334,0.030732,0.213186,0.071017,-0.036034,0.063234,0.101608,-0.229157,0.288662,-0.317169,-0.013331,0.067304,0.063162,0.005692,0.154169,0.087746,-0.145984,0.854344,0.790277,0.197597,0.207151,-0.045293,-0.114205,0.209431,0.808888,-0.829446,0.073336,-0.1454
-0.267418,-1.896548,0.771565,0.014104,-0.041173,0.641677,-0.765739,-0.506327,0.053912,0.016559,0.21815,0.134132,-0.009277,0.091259,0.097344,-0.215528,0.288273,-0.313204,-0.00865,0.0721,0.057793,0.004775,0.159504,0.072678,-0.148152,0.872131,0.802989,0.206383,0.203039,-0.041513,-0.112639,0.208746,0.807684,-0.819732,0.083207,-0.149212
-0.261742,-1.916093,0.772644,0.012296,-0.038968,0.645149,-0.762963,-0.48574,0.044627,0.011855,0.238305,0.192303,-0.001023,0.120088,0.088216,-0.202075,0.298956,-0.301341,-0.000969,0.075955,0.050819,0.003796,0.161687,0.060011,-0.153108,0.895821,0.816791,0.213473,0.19291,-0.031298,-0.109035,0.200814,0.808295,-0.80837,0.094084,-0.155746
-0.255847,-1.935197,0.776574,0.008429,-0.034815,0.647238,-0.761446,-0.467246,0.034444,0.023148,0.259508,0.194629,0.009528,0.141871,0.069961,-0.192116,0.315086,-0.270971,0.010122,0.07806,0.040767,0.002677,0.158683,0.048042,-0.159434,0.925356,0.83111,0.219038,0.177373,-0.014192,-0.105066,0.185919,0.811966,-0.796168,0.107429,-0.164319
-0.249784,-1.95469,0.78069,0.003551,-0.029977,0.647916,-0.761113,-0.44418,0.020325,0.036276,0.279794,0.164169,0.025207,0.154019,0.046527,-0.185668,0.345628,-0.218257,0.024743,0.078812,0.027792,0.001095,0.151234,0.038769,-0.16429,0.956163,0.84455,0.222453,0.15746,0.008618,-0.099788,0.168735,0.820213,-0.785611,0.122957,-0.169708
-0.243701,-1.974058,0.784681,-0.001425,-0.025297,0.648459,-0.760828,-0.419251,0.005383,0.04862,0.297226,0.129398,0.040422,0.153644,0.021797,-0.177603,0.393158,-0.146303,0.040205,0.078559,0.0143,-0.001006,0.142329,0.033335,-0.165334,0.979854,0.855037,0.22041,0.136952,0.032917,-0.09525,0.158221,0.832373,-0.780768,0.13671,-0.161826
-0.237767,-1.992975,0.787903,-0.006345,-0.020678,0.650225,-0.759434,-0.392548,-0.007807,0.062733,0.309809,0.096279,0.049588,0.137897,-0.002364,-0.161133,0.462271,-0.06488,0.054529,0.077279,0.002285,-0.003109,0.134657,0.030728,-0.162158,0.98981,0.861508,0.210702,0.123565,0.05369,-0.09717,0.162934,0.844821,-0.785785,0.141899,-0.132749
-0.231973,-2.011186,0.789312,-0.010993,-0.01576,0.653646,-0.756556,-0.366754,-0.019133,0.079432,0.323045,0.061283,0.055134,0.10359,-0.028907,-0.143017,0.561451,0.013315,0.068793,0.075294,-0.00797,-0.003875,0.128434,0.029064,-0.157234,0.986298,0.864807,0.195208,0.123041,0.068919,-0.110369,0.183389,0.85234,-0.802609,0.133699,-0.085725
-0.226318,-2.028564,0.788578,-0.015757,-0.010001,0.658192,-0.752618,-0.344322,-0.030567,0.098614,0.341776,0.02329,0.059565,0.049406,-0.064685,-0.134124,0.69318,0.089846,0.084982,0.072606,-0.01771,-0.00221,0.122576,0.026992,-0.15536,0.97483,0.867452,0.177601,0.133214,0.081415,-0.133657,0.206232,0.849983,-0.831452,0.113747,-0.035757
-0.220731,-2.045628,0.787938,-0.020596,-0.003442,0.663228,-0.748126,-0.321439,-0.043157,0.119049,0.361233,-0.014789,0.06329,-0.018448,-0.109736,-0.131414,0.8421,0.175972,0.09191,0.068392,-0.028224,0.001776,0.109914,0.025608,-0.160376,0.964622,0.871061,0.162353,0.144716,0.089908,-0.159876,0.222353,0.839004,-0.855199,0.097185,-0.003029
-0.21547,-2.062211,0.786,-0.026495,0.004803,0.669176,-0.742616,-0.298118,-0.058554,0.142267,0.380043,-0.051757,0.06607,-0.093086,-0.163005,-0.123796,0.984498,0.255928,0.124691,0.06216,-0.039909,0.007403,0.093501,0.026088,-0.172378,0.957758,0.877063,0.149352,0.153767,0.098783,-0.180261,0.216533,0.82215,-0.866744,0.09415,0.001568
-0.210533,-2.078601,0.78398,-0.031617,0.013795,0.67518,-0.736846,-0.269462,-0.074818,0.164831,0.391354,-0.084398,0.067858,-0.167937,-0.210417,-0.107205,1.103672,0.288753,0.150101,0.053623,-0.05218,0.013585,0.073638,0.031283,-0.187092,0.95486,0.885305,0.139821,0.161441,0.108484,-0.186943,0.189748,0.804574,-0.861276,0.105871,-0.022976
-0.206027,-2.094896,0.782153,-0.035303,0.022663,0.680751,-0.731313,-0.238727,-0.090051,0.18453,0.400402,-0.114592,0.068562,-0.244744,-0.22667,-0.077459,1.191044,0.219005,0.144093,0.044019,-0.062899,0.019772,0.050308,0.041149,-0.195867,0.96075,0.893668,0.129015,0.173051,0.118741,-0.178676,0.154711,0.787839,-0.842938,0.128053,-0.068171
-0.201946,-2.111299,0.780743,-0.03758,0.0297,0.685616,-0.726386,-0.208937,-0.102132,0.200009,0.408907,-0.142439,0.068228,-0.3127,-0.23284,-0.060801,1.235897,0.124,0.131455,0.035015,-0.070562,0.024401,0.024673,0.050121,-0.19897,0.964226,0.898344,0.12442,0.186182,0.128419,-0.168792,0.118843,0.773998,-0.818047,0.145045,-0.112811
-0.19821,-2.127959,0.780053,-0.038296,0.034006,0.688849,-0.723093,-0.17909,-0.110709,0.209024,0.413323,-0.165714,0.067015,-0.371849,-0.233915,-0.058107,1.235892,0.061919,0.114605,0.025617,-0.074816,0.026946,-0.001529,0.058268,-0.196385,0.963255,0.897489,0.122736,0.201643,0.13776,-0.159782,0.091046,0.761941,-0.794953,0.154382,-0.142884
-0.19486,-2.144721,0.779884,-0.038993,0.036352,0.690646,-0.721226,-0.152192,-0.117583,0.213538,0.417281,-0.185855,0.06519,-0.422107,-0.229467,-0.06491,1.19124,0.002749,0.096987,0.015563,-0.076196,0.027713,-0.027826,0.064615,-0.191366,0.957423,0.891676,0.120105,0.21919,0.146915,-0.155068,0.074312,0.750354,-0.778787,0.156628,-0.154168
-0.191764,-2.161504,0.780283,-0.039196,0.036186,0.691473,-0.720429,-0.125744,-0.121586,0.214089,0.415458,-0.201195,0.062876,-0.463021,-0.219002,-0.077711,1.108506,-0.061052,0.091986,0.005614,-0.074925,0.026856,-0.05567,0.068712,-0.188817,0.948959,0.883786,0.116803,0.237473,0.158641,-0.152373,0.066752,0.736678,-0.77062,0.153927,-0.151455
-0.188928,-2.178242,0.780837,-0.039523,0.03406,0.691911,-0.720095,-0.099917,-0.123548,0.212495,0.407956,-0.212218,0.060381,-0.493989,-0.20592,-0.094752,0.992175,-0.103536,0.085943,-0.003305,-0.071397,0.024782,-0.079518,0.078994,-0.188923,0.934016,0.874858,0.106354,0.250017,0.162676,-0.150745,0.064603,0.733425,-0.767029,0.150178,-0.144405
-0.186348,-2.194971,0.781128,-0.040353,0.030407,0.69241,-0.719733,-0.074201,-0.12428,0.210086,0.394066,-0.219154,0.058014,-0.513907,-0.196749,-0.121542,0.849899,-0.113497,0.081316,-0.010384,-0.066437,0.021561,-0.102475,0.088015,-0.19276,0.91702,0.866285,0.095467,0.258663,0.165605,-0.147399,0.063979,0.735853,-0.767581,0.148994,-0.138779
-0.18401,-2.211811,0.78087,-0.041953,0.026083,0.692773,-0.719462,-0.048083,-0.125319,0.207088,0.374804,-0.222912,0.055727,-0.524859,-0.182792,-0.148755,0.692741,-0.10593,0.078637,-0.015918,-0.06079,0.017395,-0.122511,0.095367,-0.198097,0.898882,0.856868,0.084787,0.264361,0.166751,-0.141722,0.061837,0.743824,-0.770511,0.152439,-0.13422
-0.181779,-2.2289,0.780509,-0.043267,0.020459,0.692984,-0.719363,-0.019356,-0.125156,0.202923,0.346786,-0.221752,0.053442,-0.525845,-0.159857,-0.169845,0.526459,-0.073752,0.092303,-0.019986,-0.054322,0.012237,-0.13854,0.101279,-0.203609,0.880891,0.845972,0.076291,0.267984,0.166252,-0.132119,0.057578,0.756417,-0.774478,0.159423,-0.128639
-0.179844,-2.246609,0.779554,-0.045451,0.015973,0.692596,-0.719715,0.009864,-0.127522,0.197278,0.32069,-0.222263,0.051081,-0.519584,-0.134953,-0.181251,0.364088,-0.033153,0.11269,-0.022795,-0.047363,0.006712,-0.150181,0.102658,-0.210514,0.865353,0.833615,0.069903,0.269056,0.166355,-0.122943,0.050624,0.770373,-0.779196,0.167809,-0.121412
-0.178239,-2.265106,0.778161,-0.047411,0.012181,0.691514,-0.720703,0.039285,-0.129959,0.189329,0.299828,-0.226264,0.047492,-0.512816,-0.106608,-0.168651,0.234398,-0.022042,0.143256,-0.025618,-0.039952,0.001369,-0.157209,0.101619,-0.220388,0.853604,0.823141,0.066166,0.268073,0.16748,-0.114448,0.043311,0.783947,-0.784751,0.174686,-0.113212
-0.177237,-2.284604,0.777097,-0.048982,0.010628,0.689901,-0.722166,0.067626,-0.132313,0.180059,0.293536,-0.234937,0.041385,-0.521671,-0.084933,-0.134337,0.191474,-0.027751,0.184592,-0.029131,-0.032545,-0.002907,-0.158326,0.099201,-0.234174,0.845767,0.818074,0.064325,0.266987,0.170154,-0.108648,0.03767,0.796686,-0.79259,0.179039,-0.104719
-0.176724,-2.305351,0.780915,-0.049325,0.008781,0.688695,-0.723318,0.099053,-0.13167,0.170413,0.294428,-0.233987,0.037494,-0.518642,-0.06731,-0.108857,0.190631,-0.012089,0.183611,-0.032433,-0.025727,-0.008241,-0.152005,0.099257,-0.250337,0.840658,0.820091,0.064591,0.26699,0.173483,-0.101613,0.034589,0.809409,-0.802409,0.18133,-0.096203
-0.17669,-2.326773,0.78145,-0.047122,0.005781,0.686979,-0.725124,0.130529,-0.123391,0.157918,0.292451,-0.220964,0.031336,-0.505343,-0.048343,-0.097465,0.208817,0.047913,0.11401,-0.035631,-0.017702,-0.014746,-0.138047,0.101608,-0.266276,0.838359,0.826572,0.067553,0.266828,0.178167,-0.091061,0.030874,0.821953,-0.811524,0.183208,-0.089904
-0.176932,-2.348992,0.779031,-0.042727,0.001898,0.684529,-0.72773,0.160264,-0.108646,0.143581,0.298535,-0.193937,0.025439,-0.48164,-0.030463,-0.098113,0.223826,0.116869,0.046299,-0.03802,-0.006398,-0.022562,-0.116903,0.103007,-0.278598,0.84118,0.833103,0.075235,0.264746,0.184714,-0.078376,0.024028,0.834302,-0.818116,0.1858,-0.088135
-0.177345,-2.371419,0.779202,-0.036723,-0.003282,0.682486,-0.729969,0.181074,-0.087257,0.132038,0.31997,-0.146091,0.018125,-0.449393,-0.013641,-0.104523,0.232259,0.138816,0.039634,-0.038797,0.009275,-0.03185,-0.088839,0.101902,-0.284189,0.851873,0.836921,0.090775,0.259359,0.191107,-0.065591,0.016108,0.848441,-0.823444,0.188876,-0.090311
-0.177794,-2.393419,0.782322,-0.0297,-0.009314,0.681217,-0.73142,0.185925,-0.059907,0.125629,0.36384,-0.075717,-0.000167,-0.419091,0.005413,-0.114777,0.24092,0.115185,0.019603,-0.037876,0.027867,-0.04136,-0.055772,0.09858,-0.284423,0.871355,0.8377,0.114249,0.248157,0.195203,-0.055058,0.010562,0.865606,-0.829887,0.191789,-0.091233
-0.178377,-2.414802,0.784861,-0.022151,-0.015674,0.679866,-0.732834,0.171473,-0.03002,0.11568,0.437616,0.005187,-0.023104,-0.390784,0.025634,-0.125904,0.253358,0.081548,0.008501,-0.03556,0.046456,-0.049496,-0.022503,0.096362,-0.287826,0.8973,0.83787,0.138464,0.224866,0.196135,-0.047958,0.008898,0.883018,-0.838203,0.192619,-0.086725
-0.179265,-2.435043,0.785382,-0.014412,-0.021889,0.677699,-0.734872,0.132107,0.002544,0.102087,0.549688,0.088644,-0.056448,-0.367118,0.045472,-0.139059,0.271095,0.045639,-0.004653,-0.032822,0.062247,-0.054239,0.005568,0.102728,-0.306176,0.923654,0.843265,0.150503,0.181847,0.192768,-0.042929,0.011196,0.896071,-0.847796,0.188973,-0.078291
-0.180515,-2.453933,0.783376,-0.006326,-0.027659,0.674615,-0.737624,0.067969,0.041192,0.091462,0.697175,0.176141,-0.098858,-0.350359,0.064374,-0.154657,0.29928,0.005793,-0.019525,-0.030393,0.075331,-0.054696,0.026285,0.124215,-0.344853,0.942769,0.859245,0.140044,0.11855,0.184429,-0.038023,0.016778,0.902264,-0.857473,0.180195,-0.072437
-0.181822,-2.472231,0.781108,0.002402,-0.033331,0.670872,-0.74082,-0.011673,0.083475,0.076593,0.860489,0.267952,-0.152843,-0.337307,0.083063,-0.172323,0.334846,-0.036471,-0.033889,-0.028032,0.087767,-0.051457,0.041056,0.160482,-0.393617,0.94851,0.882829,0.109286,0.048942,0.170587,-0.032265,0.024689,0.903315,-0.865837,0.166888,-0.074667
-0.182993,-2.489999,0.778154,0.012457,-0.039084,0.66608,-0.744751,-0.100831,0.115415,0.043633,1.016762,0.340216,-0.199671,-0.320847,0.102907,-0.192619,0.365173,-0.076346,-0.045315,-0.025411,0.100804,-0.045597,0.058846,0.205954,-0.430162,0.935122,0.903245,0.074359,-0.007889,0.148024,-0.027337,0.030477,0.916301,-0.873366,0.14287,-0.090279
-0.183812,-2.507588,0.775639,0.023247,-0.043942,0.659585,-0.749984,-0.188324,0.11806,-0.008999,1.142749,0.370397,-0.235941,-0.29515,0.122064,-0.214732,0.381514,-0.111484,-0.049656,-0.023676,0.113282,-0.038531,0.070315,0.241975,-0.44064,0.921992,0.907999,0.058733,-0.03984,0.124538,-0.022995,0.039326,0.921901,-0.882207,0.123442,-0.107283
-0.184105,-2.525143,0.773925,0.033404,-0.046869,0.652089,-0.755954,-0.268548,0.100678,-0.059838,1.225488,0.327312,-0.245923,-0.262997,0.138275,-0.235547,0.388572,-0.141629,-0.05119,-0.023675,0.12336,-0.031259,0.08025,0.258483,-0.424055,0.913267,0.897713,0.073538,-0.040348,0.107192,-0.020726,0.053547,0.916299,-0.892884,0.114394,-0.122396
-0.183792,-2.542719,0.773047,0.04149,-0.047435,0.647156,-0.759748,-0.339302,0.093884,-0.098179,1.265109,0.259959,-0.239131,-0.228719,0.151838,-0.247788,0.392143,-0.167231,-0.052251,-0.021641,0.130652,-0.024729,0.093577,0.254981,-0.38783,0.914198,0.875854,0.106916,-0.002251,0.085852,-0.018731,0.065442,0.921809,-0.904994,0.11207,-0.13948
-0.182824,-2.560153,0.772869,0.047026,-0.046774,0.64624,-0.760247,-0.399716,0.09982,-0.11796,1.259669,0.166867,-0.215975,-0.198129,0.162769,-0.249367,0.399123,-0.190611,-0.053192,-0.015258,0.135508,-0.019629,0.109696,0.244575,-0.335,0.905124,0.84527,0.14314,0.049391,0.058507,-0.020506,0.069751,0.927826,-0.911328,0.11596,-0.144872
-0.181375,-2.577408,0.773403,0.049748,-0.045313,0.648874,-0.757915,-0.450843,0.105209,-0.126228,1.213961,0.057247,-0.162262,-0.169786,0.170666,-0.241254,0.405648,-0.211361,-0.053928,-0.003875,0.13795,-0.016122,0.128198,0.226773,-0.278593,0.886549,0.809612,0.170479,0.10166,0.029977,-0.023474,0.066205,0.929675,-0.909316,0.120728,-0.143638
-0.179621,-2.594445,0.774397,0.050088,-0.043613,0.653015,-0.754428,-0.492127,0.108005,-0.125793,1.131614,-0.029343,-0.122193,-0.140969,0.175358,-0.227922,0.406157,-0.227967,-0.054069,0.01084,0.137905,-0.013878,0.145271,0.206869,-0.233451,0.864184,0.776077,0.181978,0.140359,0.004032,-0.027707,0.059247,0.923597,-0.900909,0.120658,-0.143303
-0.177795,-2.611233,0.77536,0.048424,-0.042062,0.657271,-0.75092,-0.521075,0.106866,-0.117898,1.015498,-0.084148,-0.082545,-0.110443,0.177389,-0.212612,0.397388,-0.239373,-0.053701,0.026866,0.135797,-0.012732,0.157579,0.190755,-0.209852,0.844412,0.754551,0.179896,0.157332,-0.017266,-0.034501,0.056103,0.909212,-0.891221,0.113179,-0.147662
-0.176024,-2.627756,0.775798,0.045617,-0.04119,0.661153,-0.74773,-0.539292,0.104605,-0.101879,0.876779,-0.10038,-0.047558,-0.079725,0.178456,-0.196463,0.382168,-0.246827,-0.052897,0.042375,0.132424,-0.012505,0.164425,0.180975,-0.206622,0.83012,0.749995,0.171201,0.155607,-0.033836,-0.043889,0.061633,0.889098,-0.883445,0.099092,-0.15606
-0.17436,-2.644123,0.775635,0.042379,-0.041205,0.664596,-0.744861,-0.547128,0.102693,-0.081406,0.725731,-0.075921,-0.038297,-0.050117,0.17964,-0.180328,0.36458,-0.252651,-0.051758,0.055738,0.128448,-0.013177,0.167653,0.174872,-0.21347,0.821067,0.758099,0.161479,0.145239,-0.04667,-0.0551,0.076213,0.867217,-0.877374,0.081231,-0.165296
-0.172824,-2.660518,0.774924,0.039182,-0.041791,0.667629,-0.742287,-0.545681,0.096092,-0.061903,0.569474,-0.027391,-0.047874,-0.02022,0.181196,-0.165471,0.344719,-0.256967,-0.050407,0.066305,0.124333,-0.014356,0.169424,0.16749,-0.219946,0.816618,0.770106,0.153951,0.135634,-0.05659,-0.067086,0.096445,0.847311,-0.87094,0.064102,-0.171464
-0.1712,-2.677149,0.773689,0.037038,-0.043102,0.67006,-0.740128,-0.535904,0.09491,-0.029939,0.423168,0.024075,-0.067371,0.010038,0.183998,-0.152687,0.325693,-0.260973,-0.048306,0.073326,0.120658,-0.015502,0.171191,0.157201,-0.221541,0.81658,0.780391,0.150533,0.130881,-0.063864,-0.077421,0.117371,0.832015,-0.861624,0.051829,-0.171862
-0.169351,-2.69415,0.772176,0.035253,-0.044402,0.671792,-0.738567,-0.521104,0.095744,0.015928,0.300796,0.048402,-0.064358,0.041057,0.185976,-0.141702,0.307427,-0.263901,-0.045394,0.077217,0.11727,-0.016456,0.172067,0.143774,-0.220426,0.821186,0.788181,0.150901,0.130311,-0.068139,-0.084798,0.133162,0.821933,-0.846653,0.047183,-0.166582
-0.167045,-2.711667,0.77052,0.034129,-0.045541,0.673037,-0.737416,-0.50918,0.098633,0.071175,0.231517,0.05309,-0.06851,0.07124,0.186682,-0.132155,0.294965,-0.267802,-0.041083,0.078721,0.113716,-0.01745,0.171477,0.130442,-0.220612,0.830595,0.795951,0.15343,0.130064,-0.068675,-0.0873,0.140918,0.816694,-0.824395,0.049511,-0.158282
-0.164257,-2.729784,0.769268,0.032733,-0.045718,0.67512,-0.735562,-0.49688,0.094542,0.103679,0.213231,0.095295,-0.029914,0.099038,0.183977,-0.121169,0.290556,-0.267835,-0.034666,0.080642,0.108958,-0.01927,0.169253,0.118335,-0.224322,0.844727,0.805554,0.156198,0.126238,-0.065008,-0.086302,0.142382,0.815078,-0.797917,0.056482,-0.150185
-0.160907,-2.748631,0.768528,0.030842,-0.044254,0.678352,-0.732754,-0.483471,0.084769,0.108882,0.227858,0.1471,0.022608,0.124354,0.17644,-0.107665,0.297036,-0.263754,-0.024876,0.083388,0.101973,-0.021985,0.1661,0.107382,-0.230257,0.863377,0.81719,0.158965,0.117987,-0.057169,-0.084412,0.141787,0.81656,-0.773777,0.06636,-0.145332
-0.156984,-2.768276,0.773106,0.027413,-0.040754,0.681179,-0.730467,-0.460395,0.073217,0.10981,0.242483,0.174449,0.033628,0.148645,0.162408,-0.095742,0.316527,-0.245002,-0.011455,0.085221,0.091655,-0.025755,0.161334,0.095763,-0.235972,0.886424,0.830096,0.162886,0.107096,-0.044911,-0.083818,0.140454,0.821871,-0.756808,0.079953,-0.14581
-0.152809,-2.788019,0.777588,0.022637,-0.035508,0.682112,-0.730034,-0.435139,0.06009,0.124334,0.254923,0.166799,0.05372,0.163149,0.140873,-0.08813,0.346535,-0.209572,0.00694,0.085186,0.077486,-0.030071,0.154317,0.083788,-0.239122,0.912094,0.843276,0.169059,0.095434,-0.027759,-0.083849,0.137446,0.832408,-0.747883,0.098742,-0.149296
-0.148394,-2.807885,0.781283,0.01646,-0.028914,0.681503,-0.731059,-0.41005,0.038911,0.134567,0.271471,0.139119,0.073259,0.167077,0.114587,-0.082352,0.392919,-0.158292,0.028865,0.084659,0.060261,-0.034251,0.145355,0.072401,-0.238176,0.935114,0.854715,0.175311,0.08386,-0.006753,-0.084582,0.134245,0.847305,-0.746663,0.121098,-0.147449
-0.14386,-2.827379,0.78417,0.010004,-0.022175,0.679936,-0.732868,-0.385719,0.014495,0.141744,0.288121,0.106428,0.092941,0.152908,0.086088,-0.075983,0.466827,-0.081377,0.07564,0.084075,0.042915,-0.037563,0.135312,0.06306,-0.232668,0.94855,0.862153,0.176535,0.073779,0.015303,-0.087815,0.136007,0.862678,-0.752953,0.139763,-0.131327
-0.139383,-2.845936,0.78509,0.002822,-0.014956,0.678104,-0.734808,-0.366357,-0.01172,0.148339,0.309387,0.072509,0.105086,0.119268,0.056845,-0.062941,0.571461,-0.003968,0.141442,0.083477,0.027028,-0.038868,0.124928,0.05468,-0.223972,0.948902,0.864507,0.168719,0.068212,0.034816,-0.09911,0.146646,0.873777,-0.766783,0.146619,-0.098576
-0.135069,-2.863321,0.783721,-0.005144,-0.006699,0.67582,-0.737019,-0.353044,-0.040173,0.155024,0.337916,0.036111,0.113786,0.063247,0.025695,-0.048341,0.709513,0.07979,0.215317,0.083392,0.012124,-0.037126,0.113461,0.0463,-0.215159,0.93791,0.863683,0.153498,0.070518,0.050473,-0.120698,0.162969,0.878084,-0.786159,0.140226,-0.057505
-0.130867,-2.880099,0.78216,-0.012772,0.001859,0.673231,-0.739319,-0.339397,-0.068811,0.161027,0.365774,-0.000708,0.118969,-0.00631,-0.006285,-0.047136,0.866999,0.161751,0.246108,0.084947,-0.002756,-0.03329,0.102151,0.039242,-0.207916,0.919085,0.862559,0.135735,0.082771,0.063954,-0.146018,0.173517,0.877836,-0.809636,0.127825,-0.023609
-0.127056,-2.896155,0.779233,-0.021427,0.011204,0.670897,-0.741156,-0.326725,-0.099157,0.167477,0.39177,-0.036811,0.120241,-0.087408,-0.051037,-0.060425,1.022187,0.241893,0.247682,0.088211,-0.018369,-0.028023,0.092605,0.034623,-0.199482,0.899009,0.862331,0.115367,0.10407,0.071951,-0.166752,0.178204,0.882957,-0.827033,0.126105,-0.015404
-0.12373,-2.911887,0.776468,-0.029965,0.020316,0.666596,-0.74454,-0.309306,-0.131655,0.168324,0.406557,-0.066758,0.121803,-0.166552,-0.09448,-0.050848,1.150458,0.265954,0.247643,0.089118,-0.035248,-0.023113,0.068023,0.027972,-0.189715,0.892028,0.861296,0.104129,0.128394,0.078587,-0.180809,0.170631,0.882748,-0.835707,0.143734,-0.023285
