2.065552,0.710824,0.790774,-0.016962,0.003229,0.089062,-0.995876,-0.245997,0.012357,0.259991,0.342159,-0.049936,0.021965,-0.099921,-0.018924,0.159585,0.81796,-0.026269,0.212418,0.01116,-0.062486,-0.037412,-0.04996,0.106276,-0.114237,0.940478,0.746724,0.18733,0.20241,0.090601,-0.174858,0.126679,0.732926,-0.77914,0.148213,-0.112409
2.058924,0.70944,0.79288,-0.017192,0.004343,0.094526,-0.995364,-0.24449,0.018888,0.268713,0.32845,-0.036237,0.019184,-0.067961,-0.013543,0.176403,0.74818,-0.043205,0.180048,0.005057,-0.053517,-0.043549,-0.04198,0.10878,-0.130945,0.945663,0.758673,0.183261,0.19398,0.094596,-0.172657,0.101485,0.739666,-0.778485,0.147073,-0.113487
2.051358,0.707827,0.794115,-0.017607,0.004819,0.100067,-0.994813,-0.244955,0.025761,0.277504,0.313045,-0.019792,0.015936,-0.036922,-0.022423,0.163397,0.676384,-0.085877,0.148354,-0.000679,-0.043998,-0.049529,-0.029103,0.11174,-0.145793,0.946833,0.768777,0.177824,0.186201,0.095343,-0.164807,0.06646,0.751736,-0.773066,0.140451,-0.124035
2.042939,0.705972,0.794667,-0.017096,0.004597,0.10456,-0.994361,-0.246792,0.033992,0.283952,0.294822,0.000203,0.012404,-0.007019,-0.030283,0.137516,0.600941,-0.129335,0.101042,-0.006177,-0.034061,-0.05494,-0.018149,0.113104,-0.15456,0.947119,0.773734,0.174688,0.178791,0.10016,-0.149407,0.029259,0.760693,-0.762293,0.13302,-0.141391
2.033514,0.703764,0.794476,-0.016142,0.003799,0.108531,-0.993955,-0.252466,0.044183,0.288623,0.279225,0.021026,0.008605,0.019938,-0.033511,0.110096,0.524738,-0.169537,0.060068,-0.010494,-0.023662,-0.058746,-0.007756,0.112485,-0.156619,0.945677,0.773402,0.173558,0.173521,0.105724,-0.130662,-0.004312,0.770941,-0.750777,0.126721,-0.158565
2.023031,0.70125,0.793588,-0.015087,0.002759,0.112495,-0.993534,-0.262561,0.056316,0.292313,0.268645,0.041221,0.005055,0.038937,-0.032012,0.086351,0.458163,-0.203324,0.028121,-0.012846,-0.013104,-0.059864,0.001968,0.110436,-0.156215,0.941565,0.771708,0.173735,0.170397,0.10967,-0.112544,-0.028685,0.785154,-0.745147,0.123337,-0.170362
2.011547,0.698513,0.79214,-0.013926,0.001788,0.115936,-0.993157,-0.276306,0.069417,0.294318,0.261992,0.061509,0.003208,0.046313,-0.024408,0.075545,0.410861,-0.23018,0.009242,-0.013408,-0.002401,-0.057671,0.01018,0.108709,-0.159383,0.93399,0.773205,0.17217,0.166382,0.111676,-0.097174,-0.041386,0.802719,-0.74913,0.12319,-0.175474
1.999181,0.695644,0.789999,-0.0124,0.001145,0.118205,-0.992911,-0.2928,0.082847,0.293408,0.257705,0.082177,0.00164,0.045811,-0.013383,0.071752,0.377689,-0.25424,0.001638,-0.011905,0.009073,-0.052336,0.014514,0.113258,-0.167941,0.920837,0.780964,0.163635,0.154749,0.115795,-0.085167,-0.043465,0.818061,-0.760436,0.124145,-0.174964
1.986052,0.69276,0.786509,-0.009408,0.001131,0.118337,-0.992928,-0.310691,0.096896,0.287321,0.253264,0.104363,0.002381,0.040813,0.000522,0.065727,0.35137,-0.27081,-0.001746,-0.008264,0.022353,-0.044013,0.01953,0.114547,-0.186599,0.902025,0.798639,0.153436,0.149841,0.118715,-0.070127,-0.034378,0.826911,-0.773746,0.133464,-0.17095
1.972865,0.689859,0.784658,-0.004729,0.001798,0.115525,-0.993292,-0.329227,0.110883,0.2745,0.250602,0.127566,0.004461,0.038162,0.017188,0.054761,0.328563,-0.280405,-0.005111,-0.00312,0.038128,-0.032904,0.019623,0.117793,-0.209191,0.884647,0.822089,0.140608,0.153844,0.116421,-0.055602,-0.0207,0.829658,-0.785118,0.150432,-0.159233
1.959433,0.687111,0.782767,0.001539,0.002988,0.109465,-0.993985,-0.350378,0.124363,0.25474,0.25185,0.148375,0.001502,0.035391,0.036177,0.038407,0.309054,-0.285197,-0.010665,0.002516,0.056184,-0.019738,0.01409,0.121837,-0.231992,0.872657,0.843281,0.128418,0.165767,0.128503,-0.047157,-0.007921,0.837859,-0.793743,0.149546,-0.15427
1.945969,0.684673,0.780661,0.008684,0.004441,0.100799,-0.994859,-0.372854,0.135743,0.229143,0.254905,0.165075,-0.014123,0.02872,0.055812,0.018217,0.297787,-0.28789,-0.017331,0.00761,0.075612,-0.005961,0.013828,0.123635,-0.249652,0.854387,0.858213,0.120097,0.178373,0.135909,-0.039881,0.004257,0.85173,-0.8023,0.149518,-0.149063
1.932849,0.682715,0.778773,0.016173,0.006171,0.090963,-0.995704,-0.391783,0.14283,0.195835,0.254001,0.176802,-0.053317,0.015347,0.074174,-0.004688,0.299786,-0.285735,-0.023975,0.011896,0.095153,0.006822,0.020664,0.122989,-0.259309,0.829071,0.863292,0.114824,0.189539,0.140362,-0.034153,0.014796,0.871534,-0.812097,0.15252,-0.143918
1.920475,0.681176,0.778083,0.02221,0.008178,0.080178,-0.9965,-0.404366,0.147517,0.175993,0.249472,0.18762,-0.111546,-0.001073,0.087168,-0.029706,0.307941,-0.278974,-0.030103,0.01457,0.113381,0.017081,0.034716,0.118936,-0.264021,0.801956,0.860242,0.111574,0.200852,0.143216,-0.030952,0.021054,0.897071,-0.823117,0.160717,-0.139781
1.908183,0.679957,0.782544,0.025267,0.010528,0.06813,-0.997301,-0.415129,0.148125,0.174306,0.243012,0.186573,-0.166294,-0.015958,0.091482,-0.055646,0.313986,-0.267163,-0.035297,0.016056,0.128051,0.023812,0.052096,0.112892,-0.270448,0.782703,0.854623,0.109729,0.207828,0.146469,-0.029554,0.020037,0.925914,-0.833148,0.175332,-0.135985
1.896718,0.678982,0.784522,0.024957,0.013302,0.055392,-0.998064,-0.410133,0.135482,0.161684,0.244428,0.178935,-0.171163,-0.027442,0.087272,-0.081263,0.316967,-0.254511,-0.039463,0.018524,0.137235,0.026954,0.067349,0.109277,-0.283066,0.777906,0.851393,0.107069,0.201823,0.151922,-0.027988,0.011671,0.952553,-0.839874,0.193488,-0.130142
1.885969,0.67817,0.786106,0.021954,0.016165,0.041346,-0.998773,-0.399321,0.117021,0.15308,0.254917,0.161705,-0.136045,-0.035552,0.075971,-0.107422,0.31599,-0.241201,-0.043105,0.021358,0.141519,0.02724,0.07685,0.1111,-0.300093,0.786336,0.851471,0.100621,0.181154,0.159761,-0.025971,0.000546,0.97047,-0.843568,0.207005,-0.120748
1.875825,0.677455,0.787441,0.018656,0.01893,0.027157,-0.999278,-0.383855,0.09771,0.142072,0.272792,0.142836,-0.118403,-0.042795,0.062818,-0.133568,0.315758,-0.230446,-0.046616,0.024926,0.14235,0.025915,0.080956,0.120128,-0.314528,0.801277,0.853055,0.090779,0.152377,0.168556,-0.023562,-0.005316,0.977278,-0.8471,0.20693,-0.108831
1.866043,0.676612,0.788434,0.015835,0.021492,0.013524,-0.999552,-0.367592,0.080042,0.12141,0.304392,0.115845,-0.113611,-0.050194,0.05055,-0.158984,0.316733,-0.222797,-0.050329,0.029566,0.141242,0.024088,0.082111,0.13255,-0.318745,0.81675,0.852787,0.082758,0.124543,0.175857,-0.023542,0.00041,0.975237,-0.854497,0.191698,-0.098416
1.85649,0.675594,0.788866,0.014928,0.023839,0.000555,-0.999604,-0.352899,0.065631,0.09115,0.350331,0.07983,-0.100694,-0.059255,0.041916,-0.184167,0.321539,-0.218877,-0.052515,0.034896,0.139554,0.022218,0.083278,0.144482,-0.30779,0.829843,0.848174,0.084351,0.105496,0.179205,-0.027217,0.020353,0.969711,-0.868932,0.168161,-0.09443
1.847038,0.674416,0.788773,0.015284,0.025808,-0.012056,-0.999477,-0.340467,0.05177,0.05372,0.40436,0.020376,-0.074545,-0.069744,0.035556,-0.209244,0.328098,-0.215569,-0.053379,0.040143,0.137869,0.020195,0.086006,0.151595,-0.282688,0.840571,0.838503,0.098921,0.101238,0.176981,-0.035393,0.051358,0.965332,-0.889912,0.146147,-0.0984
1.837637,0.673206,0.788387,0.015833,0.027233,-0.02461,-0.999201,-0.328672,0.038753,0.016081,0.452154,-0.045699,-0.06801,-0.080674,0.029071,-0.234029,0.333432,-0.210732,-0.052822,0.044331,0.135912,0.01773,0.090439,0.152723,-0.249648,0.8507,0.825316,0.122759,0.111972,0.169086,-0.04715,0.085794,0.965092,-0.912033,0.131549,-0.104584
1.828257,0.672134,0.787933,0.01656,0.028309,-0.037297,-0.998766,-0.318419,0.031637,-0.007261,0.486101,-0.094256,-0.066174,-0.091675,0.021864,-0.258664,0.337787,-0.205487,-0.051394,0.046959,0.133439,0.014982,0.095777,0.150289,-0.217039,0.861822,0.812329,0.148516,0.129067,0.156566,-0.059913,0.115127,0.969832,-0.928607,0.125684,-0.104577
1.818816,0.671184,0.787758,0.016233,0.028933,-0.050333,-0.998181,-0.307086,0.036311,0.001919,0.511203,-0.118134,-0.062453,-0.1018,0.011946,-0.282924,0.338523,-0.198369,-0.049556,0.048099,0.130088,0.012073,0.100762,0.14644,-0.191524,0.873989,0.802857,0.168637,0.139921,0.140316,-0.073292,0.133621,0.976919,-0.936208,0.127404,-0.095806
1.809289,0.670453,0.787493,0.016432,0.029798,-0.062858,-0.997442,-0.298892,0.054169,0.035887,0.547677,-0.133533,-0.056654,-0.112892,0.001857,-0.306287,0.342249,-0.192353,-0.047481,0.049241,0.125988,0.009856,0.105153,0.146065,-0.173658,0.884458,0.797803,0.178963,0.137448,0.121396,-0.084914,0.141346,0.982553,-0.93615,0.133835,-0.084326
1.799682,0.669885,0.786939,0.017315,0.031221,-0.07382,-0.996632,-0.293588,0.073335,0.06419,0.604182,-0.147592,-0.05463,-0.124709,-0.007109,-0.327002,0.349414,-0.18776,-0.045387,0.052189,0.121532,0.008598,0.110267,0.153466,-0.159391,0.890758,0.793405,0.175789,0.124993,0.101303,-0.093659,0.138884,0.984643,-0.93453,0.13981,-0.079878
1.789976,0.669451,0.785936,0.018964,0.033404,-0.082997,-0.995809,-0.290761,0.083584,0.065997,0.679447,-0.16041,-0.056211,-0.13638,-0.014173,-0.344718,0.358698,-0.183971,-0.043209,0.057061,0.117054,0.008264,0.11855,0.158316,-0.148162,0.88733,0.792097,0.171992,0.115391,0.081535,-0.104318,0.130697,0.986242,-0.930924,0.136089,-0.087543
1.7801,0.669174,0.784342,0.021606,0.036206,-0.090918,-0.994965,-0.287255,0.085793,0.047233,0.766025,-0.170992,-0.062096,-0.148004,-0.019177,-0.360527,0.369304,-0.180358,-0.040665,0.06229,0.113014,0.008444,0.128847,0.162755,-0.137697,0.877956,0.79463,0.168762,0.112996,0.057044,-0.10841,0.12351,0.982758,-0.92678,0.135684,-0.099576
1.76995,0.669096,0.782207,0.02505,0.039279,-0.097838,-0.994111,-0.280331,0.090642,0.025707,0.855741,-0.170627,-0.075064,-0.160018,-0.022707,-0.374838,0.380069,-0.175861,-0.037426,0.066359,0.109676,0.008693,0.140697,0.165017,-0.128491,0.866513,0.798551,0.166313,0.117549,0.033674,-0.111962,0.118768,0.977168,-0.921959,0.132774,-0.113295
1.759464,0.669216,0.779685,0.028318,0.042276,-0.103184,-0.99336,-0.269295,0.094944,0.002679,0.940102,-0.160634,-0.079719,-0.172065,-0.025733,-0.386355,0.388109,-0.168745,-0.03323,0.069391,0.106775,0.008766,0.154201,0.154193,-0.120703,0.852632,0.801945,0.169716,0.129298,0.007518,-0.115149,0.119715,0.971449,-0.916881,0.132242,-0.124322
1.748551,0.669609,0.777016,0.031427,0.044988,-0.107178,-0.992724,-0.25344,0.095911,-0.022272,1.011476,-0.145328,-0.086859,-0.184421,-0.028498,-0.395398,0.393053,-0.158602,-0.027139,0.071713,0.103772,0.008288,0.175544,0.144109,-0.109142,0.83081,0.79903,0.166025,0.138973,-0.015718,-0.120747,0.120429,0.962219,-0.911336,0.13038,-0.132591
1.73711,0.670332,0.774673,0.034322,0.047135,-0.110469,-0.992168,-0.231366,0.091232,-0.049829,1.061403,-0.123349,-0.094533,-0.197114,-0.031456,-0.403036,0.394017,-0.143558,-0.023337,0.073781,0.100196,0.006803,0.202263,0.133061,-0.099528,0.803155,0.792895,0.155795,0.145551,-0.032735,-0.124089,0.112273,0.943709,-0.898938,0.128493,-0.141799
1.725042,0.67138,0.77311,0.036231,0.048532,-0.113541,-0.991686,-0.204397,0.074921,-0.084446,1.087537,-0.102896,-0.099841,-0.20862,-0.035669,-0.40989,0.38744,-0.119896,-0.025198,0.07601,0.095387,0.004213,0.229567,0.122878,-0.097766,0.776328,0.788378,0.140406,0.146223,-0.040641,-0.122408,0.088435,0.912181,-0.871579,0.124002,-0.156418
1.712143,0.672794,0.772453,0.037686,0.04913,-0.117016,-0.991198,-0.176255,0.053895,-0.120223,1.090271,-0.097486,-0.10662,-0.219565,-0.041271,-0.417076,0.374648,-0.088447,-0.02768,0.078008,0.089149,0.000997,0.24938,0.115976,-0.103275,0.761714,0.786813,0.123976,0.141709,-0.038485,-0.117051,0.052898,0.869478,-0.828876,0.110906,-0.177182
1.698367,0.674406,0.773254,0.037369,0.048749,-0.120239,-0.990843,-0.144481,0.041247,-0.144492,1.055727,-0.084066,-0.079123,-0.227945,-0.048703,-0.423014,0.351575,-0.048781,-0.030842,0.079806,0.081506,-0.002769,0.264021,0.108482,-0.110017,0.758396,0.786848,0.112722,0.136024,-0.033099,-0.109112,0.022568,0.825084,-0.783449,0.09347,-0.20115
1.683261,0.676204,0.775072,0.037498,0.04719,-0.122162,-0.990678,-0.114607,0.035992,-0.160529,0.987655,-0.095127,-0.045164,-0.24142,-0.055553,-0.426809,0.330319,-0.006739,-0.034551,0.082165,0.073799,-0.0058,0.269379,0.099895,-0.113046,0.76856,0.786419,0.111724,0.133465,-0.028619,-0.103831,0.010792,0.786185,-0.749402,0.075854,-0.221027
1.666618,0.678001,0.777482,0.038076,0.043578,-0.121397,-0.990916,-0.086775,0.031243,-0.173664,0.898381,-0.129995,-0.046349,-0.266649,-0.061906,-0.426079,0.318654,0.033644,-0.039824,0.085062,0.066725,-0.007096,0.262643,0.088914,-0.112767,0.792956,0.786598,0.121776,0.135632,-0.030344,-0.105163,0.021163,0.756507,-0.735088,0.063782,-0.229236
1.648175,0.679579,0.775701,0.037851,0.037473,-0.117072,-0.991694,-0.075218,0.028438,-0.168627,0.825573,-0.228391,-0.042397,-0.310696,-0.070445,-0.418528,0.322803,0.068988,-0.047521,0.087345,0.060187,-0.004111,0.243614,0.073994,-0.112468,0.82954,0.790365,0.140714,0.142178,-0.04271,-0.114636,0.048519,0.73601,-0.74003,0.058724,-0.220616
1.628079,0.681009,0.768462,0.036387,0.029819,-0.109971,-0.992821,-0.089147,0.026497,-0.142228,0.788067,-0.344486,-0.016393,-0.373979,-0.083094,-0.404424,0.347752,0.094415,-0.053952,0.087951,0.05297,0.006063,0.215106,0.05637,-0.116834,0.873152,0.799833,0.163522,0.150609,-0.063815,-0.130907,0.083988,0.721037,-0.760064,0.057675,-0.195793
1.607144,0.682376,0.758205,0.032897,0.022748,-0.102788,-0.993899,-0.125608,0.015912,-0.118502,0.780784,-0.441659,-0.007368,-0.444029,-0.099381,-0.383992,0.383374,0.111946,-0.057684,0.087038,0.042646,0.02459,0.180134,0.039796,-0.131941,0.91824,0.815725,0.181056,0.155168,-0.082314,-0.152307,0.118615,0.703221,-0.793961,0.057468,-0.163276
1.587305,0.683694,0.751744,0.02727,0.018028,-0.098839,-0.994566,-0.166724,-0.001035,-0.100868,0.790615,-0.493432,-0.00038,-0.497568,-0.116827,-0.361227,0.404447,0.11451,-0.033312,0.085125,0.027297,0.048516,0.140288,0.030174,-0.160442,0.961757,0.837973,0.184425,0.149504,-0.081821,-0.174345,0.143725,0.673108,-0.838813,0.056411,-0.137645
1.568515,0.684969,0.752373,0.020687,0.016219,-0.098606,-0.994779,-0.198136,-0.02089,-0.088943,0.787892,-0.495952,0.014356,-0.524164,-0.131377,-0.343851,0.381768,0.095118,0.006722,0.08375,0.007831,0.070818,0.098806,0.032926,-0.195372,1.002735,0.86462,0.173887,0.134466,-0.05172,-0.186693,0.152161,0.632793,-0.87819,0.054515,-0.131843
1.551892,0.686187,0.759392,0.013953,0.017027,-0.098,-0.994943,-0.208183,-0.039165,-0.077866,0.756168,-0.458148,0.032428,-0.510324,-0.142271,-0.34569,0.314072,0.05054,0.071044,0.084652,-0.012676,0.083665,0.063627,0.045768,-0.21929,1.03832,0.888368,0.162761,0.122534,0.002018,-0.179963,0.147303,0.604655,-0.885889,0.053501,-0.142964
1.537632,0.687222,0.766321,0.007924,0.019549,-0.091973,-0.995538,-0.191969,-0.050563,-0.062888,0.690215,-0.409611,0.045101,-0.462674,-0.148737,-0.375867,0.235518,0.00715,0.121563,0.088082,-0.031419,0.083443,0.044255,0.060855,-0.20987,1.063721,0.897166,0.166185,0.130029,0.059616,-0.16294,0.145091,0.617289,-0.853242,0.051882,-0.146936
1.525022,0.68795,0.773745,0.004956,0.022319,-0.079062,-0.996607,-0.161214,-0.050518,-0.042758,0.60412,-0.356987,0.055114,-0.414965,-0.148669,-0.413622,0.208707,0.008002,0.125364,0.091311,-0.045777,0.072791,0.04578,0.067349,-0.16086,1.062989,0.876705,0.194118,0.161593,0.098028,-0.148202,0.167799,0.677321,-0.817658,0.057607,-0.115034
1.51332,0.688224,0.780317,0.005024,0.023728,-0.063422,-0.997692,-0.133778,-0.041046,-0.017951,0.522762,-0.308247,0.058956,-0.382992,-0.139947,-0.414294,0.239401,0.006793,0.100242,0.08948,-0.05453,0.0573,0.063251,0.061374,-0.080006,1.036352,0.828715,0.222048,0.211844,0.113614,-0.159349,0.223565,0.760507,-0.820375,0.062136,-0.039359
1.501983,0.688027,0.78469,0.005367,0.023536,-0.049778,-0.998468,-0.123046,-0.031409,0.0055,0.469594,-0.272846,0.060088,-0.369877,-0.122442,-0.359022,0.312946,-0.004869,0.080472,0.080151,-0.05882,0.042794,0.085318,0.044594,0.003642,0.993005,0.770169,0.221812,0.26234,0.114682,-0.19675,0.297778,0.830888,-0.866423,0.049782,0.045965
1.490587,0.687644,0.786833,0.004888,0.02241,-0.03928,-0.998965,-0.129494,-0.025283,0.024948,0.445898,-0.250508,0.061894,-0.366447,-0.101128,-0.277048,0.409937,-0.041282,0.067831,0.065185,-0.060961,0.032412,0.107961,0.026941,0.051007,0.943276,0.717464,0.189115,0.302902,0.119443,-0.232909,0.351791,0.864418,-0.919452,0.030036,0.088219
1.479059,0.687274,0.787129,0.002252,0.0214,-0.030945,-0.999289,-0.146916,-0.024642,0.042189,0.444019,-0.238019,0.066624,-0.360894,-0.086033,-0.206821,0.513392,-0.089421,0.057353,0.048701,-0.062958,0.026225,0.120583,0.01911,0.051509,0.902396,0.686807,0.142053,0.333607,0.14176,-0.257645,0.349511,0.864764,-0.934344,0.023897,0.072923
1.467451,0.687062,0.786288,-0.002031,0.02121,-0.023159,-0.999505,-0.167681,-0.02748,0.059402,0.452454,-0.229531,0.07327,-0.344881,-0.08878,-0.169637,0.608185,-0.147863,0.06044,0.034669,-0.065475,0.021941,0.132451,0.033085,0.021555,0.878046,0.682548,0.087437,0.355521,0.175724,-0.261197,0.294302,0.859249,-0.89707,0.040396,0.009668
1.455871,0.687082,0.785112,-0.006712,0.022079,-0.014927,-0.999622,-0.185222,-0.030945,0.077151,0.459925,-0.221003,0.079329,-0.315261,-0.10947,-0.164755,0.687157,-0.196252,0.057214,0.024953,-0.067999,0.016922,0.126032,0.050126,-0.023042,0.870642,0.697342,0.060338,0.362036,0.205428,-0.238509,0.210149,0.860747,-0.831001,0.080388,-0.073066
1.444397,0.687266,0.784062,-0.011489,0.023722,-0.005685,-0.999636,-0.197268,-0.03404,0.096151,0.461297,-0.211212,0.085625,-0.274659,-0.136943,-0.171226,0.746203,-0.224095,0.043334,0.019081,-0.069445,0.010172,0.113678,0.068611,-0.061206,0.869855,0.718529,0.051928,0.340597,0.23437,-0.211827,0.119137,0.868373,-0.760545,0.125388,-0.152807
1.432957,0.687395,0.783258,-0.016805,0.025415,0.004744,-0.999524,-0.205472,-0.036716,0.117385,0.45622,-0.198943,0.089867,-0.229556,-0.159327,-0.168739,0.787588,-0.238007,0.038744,0.015373,-0.069331,0.002343,0.091897,0.084407,-0.091023,0.876035,0.730238,0.055889,0.304563,0.252824,-0.177972,0.042005,0.875245,-0.708312,0.179407,-0.212927
1.421367,0.687301,0.782956,-0.021771,0.026458,0.016049,-0.999284,-0.211657,-0.037377,0.139577,0.444042,-0.182664,0.091576,-0.184215,-0.165706,-0.146721,0.81094,-0.228994,0.052017,0.012468,-0.067471,-0.005802,0.068987,0.096531,-0.108934,0.878717,0.736978,0.067212,0.271176,0.260755,-0.151489,-0.006319,0.877763,-0.678944,0.220087,-0.237367
1.409378,0.686808,0.782976,-0.025788,0.026498,0.027901,-0.998927,-0.219375,-0.034782,0.161136,0.429258,-0.163745,0.091651,-0.140099,-0.157868,-0.107621,0.817985,-0.207324,0.076066,0.009969,-0.063721,-0.013775,0.045842,0.104938,-0.119975,0.878732,0.742879,0.084325,0.25121,0.260846,-0.137052,-0.018083,0.877467,-0.675931,0.233441,-0.221408
1.396779,0.685837,0.782972,-0.028593,0.025566,0.040151,-0.998457,-0.231355,-0.028129,0.181257,0.417181,-0.144658,0.091438,-0.09986,-0.143963,-0.063649,0.811756,-0.185279,0.10195,0.007773,-0.058391,-0.020884,0.023197,0.110087,-0.128097,0.878947,0.748853,0.103544,0.242943,0.256184,-0.13544,-0.000682,0.874267,-0.697747,0.219966,-0.176195
1.383426,0.684397,0.782809,-0.030419,0.023766,0.0526,-0.997869,-0.248565,-0.01781,0.199562,0.410273,-0.126771,0.092454,-0.066362,-0.128272,-0.019391,0.795996,-0.171327,0.111888,0.005428,-0.052003,-0.02627,0.001491,0.113112,-0.134949,0.880435,0.753805,0.120517,0.23856,0.248093,-0.141125,0.02669,0.864532,-0.734474,0.191905,-0.125027
1.36926,0.682521,0.782814,-0.031857,0.021151,0.06512,-0.997145,-0.270206,-0.005084,0.216079,0.407378,-0.109816,0.095082,-0.041409,-0.111068,0.025404,0.770262,-0.163803,0.112246,0.002945,-0.044954,-0.029485,-0.018938,0.115873,-0.142098,0.882244,0.758382,0.132278,0.231505,0.2375,-0.145414,0.045061,0.845311,-0.771192,0.163702,-0.087186
1.354348,0.680205,0.783285,-0.033431,0.017862,0.077436,-0.996277,-0.293893,0.00888,0.230393,0.40488,-0.094538,0.091457,-0.026768,-0.095835,0.061297,0.724846,-0.184119,0.102936,0.001023,-0.03757,-0.030614,-0.037495,0.119928,-0.150981,0.882266,0.764882,0.138109,0.219983,0.226256,-0.141853,0.045673,0.816956,-0.796384,0.143922,-0.07112
1.339124,0.677599,0.783702,-0.032703,0.014245,0.088686,-0.995421,-0.313948,0.025731,0.239383,0.393252,-0.077998,0.085209,-0.022827,-0.083959,0.07119,0.665257,-0.224378,0.074669,5e-05,-0.029283,-0.030076,-0.053112,0.127759,-0.16091,0.877838,0.774444,0.139186,0.205926,0.215821,-0.126023,0.031671,0.783736,-0.805241,0.132115,-0.077153
1.323248,0.674631,0.78354,-0.030993,0.010907,0.098418,-0.994603,-0.331063,0.044202,0.245822,0.375552,-0.066492,0.079846,-0.026414,-0.073916,0.06412,0.615529,-0.260659,0.050894,-0.000906,-0.019622,-0.0275,-0.062884,0.135544,-0.168078,0.866814,0.783543,0.137061,0.1953,0.205714,-0.103909,0.012661,0.752552,-0.800877,0.124275,-0.099086
1.306502,0.67125,0.785279,-0.02913,0.008534,0.105564,-0.993949,-0.351149,0.064454,0.251337,0.354718,-0.069107,0.063291,-0.037311,-0.060053,0.059035,0.57953,-0.28577,0.0351,-0.003154,-0.008996,-0.022331,-0.06507,0.13949,-0.170861,0.84949,0.789006,0.134002,0.191468,0.194837,-0.082901,-0.001856,0.730591,-0.79056,0.1176,-0.124683
1.289668,0.667788,0.783597,-0.026788,0.006998,0.109332,-0.99362,-0.370143,0.084504,0.25459,0.343333,-0.070336,0.048793,-0.051479,-0.043678,0.0547,0.555581,-0.309082,0.020567,-0.006507,0.002667,-0.014526,-0.061524,0.1393,-0.173303,0.828548,0.790867,0.129613,0.192078,0.183147,-0.067738,-0.008945,0.720414,-0.782979,0.113002,-0.140414
1.272419,0.664419,0.778655,-0.024156,0.006008,0.108707,-0.993762,-0.400281,0.104703,0.253406,0.352119,-0.074396,0.031595,-0.074265,-0.027689,0.045325,0.550421,-0.33857,0.008943,-0.010506,0.015608,-0.003947,-0.056961,0.137278,-0.18352,0.80842,0.792842,0.121734,0.189345,0.172007,-0.059155,-0.014867,0.717151,-0.782564,0.112669,-0.13996
1.255361,0.661285,0.774189,-0.02082,0.005495,0.103594,-0.994387,-0.444878,0.122195,0.241216,0.386063,-0.087115,0.012703,-0.108396,-0.014153,0.02649,0.576333,-0.370963,0.000215,-0.014064,0.030016,0.009335,-0.055617,0.137427,-0.206968,0.791894,0.799883,0.109599,0.174959,0.16347,-0.052662,-0.029882,0.712263,-0.785086,0.116601,-0.130303
1.238495,0.65855,0.771408,-0.017336,0.005659,0.095377,-0.995274,-0.505371,0.131889,0.213993,0.438805,-0.109912,0.003024,-0.151271,-0.00466,0.00228,0.62411,-0.409741,-0.004921,-0.01604,0.045769,0.024683,-0.057544,0.140992,-0.241461,0.777551,0.81438,0.096104,0.148333,0.158354,-0.044075,-0.059272,0.700779,-0.780979,0.122295,-0.127927
1.222533,0.656241,0.766217,-0.013535,0.006524,0.085597,-0.996217,-0.559079,0.134683,0.188332,0.490511,-0.132104,-8.1e-05,-0.195054,0.001424,-0.02388,0.678153,-0.443524,-0.007735,-0.016389,0.062898,0.040259,-0.058196,0.146273,-0.27873,0.761842,0.836424,0.088355,0.122647,0.154645,-0.032476,-0.097588,0.688338,-0.763773,0.126294,-0.146992
1.207889,0.654312,0.762101,-0.009125,0.008148,0.075784,-0.997049,-0.595501,0.133896,0.170153,0.524583,-0.140161,-0.013216,-0.229964,0.005611,-0.049649,0.717844,-0.455682,-0.009762,-0.014859,0.080794,0.053284,-0.050328,0.148884,-0.310239,0.745537,0.86447,0.094807,0.117126,0.14984,-0.021869,-0.132546,0.689234,-0.739042,0.129621,-0.187378
1.194734,0.652572,0.760875,-0.004743,0.010584,0.065684,-0.997773,-0.606116,0.131737,0.162556,0.531305,-0.12945,-0.03272,-0.246792,0.008107,-0.074768,0.725926,-0.445157,-0.011593,-0.011541,0.097882,0.060987,-0.029233,0.143254,-0.332009,0.736661,0.892304,0.118103,0.13685,0.14474,-0.018213,-0.154288,0.712739,-0.722054,0.141495,-0.231303
1.183026,0.650846,0.762834,-0.000985,0.013803,0.053967,-0.998447,-0.591245,0.129618,0.165822,0.521466,-0.112879,-0.046275,-0.242011,0.008662,-0.10055,0.697563,-0.419014,-0.011057,-0.006494,0.112132,0.062407,0.002349,0.129015,-0.345051,0.744158,0.908353,0.149091,0.163559,0.142916,-0.022643,-0.160369,0.752475,-0.721734,0.168511,-0.255041
1.172573,0.649079,0.766993,0.002347,0.017487,0.040242,-0.999034,-0.561127,0.125019,0.169343,0.509078,-0.098841,-0.055355,-0.219759,0.00798,-0.128568,0.64116,-0.383034,-0.005721,0.000604,0.122137,0.058818,0.035183,0.114803,-0.354549,0.769492,0.90649,0.171883,0.171256,0.147105,-0.030113,-0.155373,0.79119,-0.731658,0.199233,-0.249286
1.16294,0.647236,0.771759,0.004893,0.020903,0.02538,-0.999447,-0.52683,0.11401,0.159976,0.511633,-0.085449,-0.052567,-0.18967,0.006285,-0.157919,0.57206,-0.345586,0.006905,0.009654,0.127479,0.052217,0.061122,0.11151,-0.367291,0.805587,0.895473,0.177601,0.149799,0.156729,-0.035674,-0.14655,0.814885,-0.739887,0.214069,-0.226059
1.153634,0.645331,0.775592,0.007139,0.023641,0.010486,-0.99964,-0.49737,0.103322,0.139574,0.541939,-0.081364,-0.068324,-0.162917,0.004245,-0.187349,0.509272,-0.314942,0.02954,0.019349,0.128841,0.044532,0.082428,0.125155,-0.383771,0.836306,0.892077,0.169825,0.110714,0.162106,-0.036416,-0.134478,0.819743,-0.742718,0.214988,-0.196977
1.144259,0.643326,0.777731,0.009763,0.025722,-0.003163,-0.999616,-0.474861,0.095381,0.111123,0.601453,-0.088429,-0.080302,-0.146378,0.002323,-0.216043,0.464996,-0.296343,0.06318,0.029299,0.127902,0.037204,0.098771,0.151872,-0.395909,0.857658,0.895065,0.155804,0.077772,0.172708,-0.03699,-0.116537,0.818883,-0.744822,0.194149,-0.173815
1.134613,0.641137,0.778211,0.01318,0.027353,-0.015278,-0.999422,-0.457669,0.093165,0.08227,0.680009,-0.099266,-0.083517,-0.141145,0.001241,-0.243396,0.441051,-0.289072,0.102467,0.039112,0.126406,0.030925,0.116943,0.181796,-0.390549,0.866036,0.891568,0.143564,0.06525,0.179118,-0.040669,-0.089488,0.819557,-0.752655,0.166711,-0.154622
1.124666,0.638821,0.77723,0.018832,0.028874,-0.025947,-0.999069,-0.442344,0.097941,0.052973,0.767134,-0.112,-0.085527,-0.146315,0.003818,-0.269142,0.436477,-0.291289,0.139602,0.048562,0.125732,0.025612,0.141862,0.209329,-0.363222,0.861756,0.871847,0.139718,0.070414,0.180358,-0.049901,-0.057095,0.831787,-0.76868,0.132964,-0.143809
1.114421,0.636446,0.775358,0.026278,0.0303,-0.0357,-0.998557,-0.424048,0.105873,0.02186,0.853036,-0.129479,-0.091074,-0.158354,0.009524,-0.293632,0.443634,-0.298016,0.169117,0.057271,0.126519,0.020551,0.166123,0.230849,-0.318606,0.856214,0.839048,0.145469,0.084061,0.16672,-0.059649,-0.017911,0.849846,-0.792432,0.114309,-0.137821
1.103968,0.634094,0.773343,0.033719,0.031699,-0.045255,-0.997903,-0.400824,0.113609,-0.006953,0.929625,-0.140832,-0.095518,-0.171825,0.015378,-0.317391,0.452064,-0.302498,0.189865,0.064568,0.12822,0.015401,0.187665,0.246682,-0.265593,0.856129,0.803325,0.158104,0.103013,0.145979,-0.070941,0.022062,0.874903,-0.825984,0.107563,-0.133159
1.093385,0.63198,0.77148,0.040858,0.033404,-0.055184,-0.997081,-0.371807,0.118332,-0.03341,0.993478,-0.143035,-0.089397,-0.18373,0.020352,-0.340958,0.457788,-0.302844,0.204745,0.070281,0.12988,0.010411,0.20397,0.251219,-0.214997,0.862456,0.774014,0.181629,0.127282,0.122502,-0.083704,0.060498,0.907048,-0.864415,0.10939,-0.124681
1.082636,0.63027,0.770033,0.047015,0.035248,-0.065798,-0.996101,-0.335949,0.117595,-0.059671,1.041322,-0.139804,-0.094763,-0.193156,0.023065,-0.364043,0.458358,-0.299278,0.21449,0.074569,0.130454,0.005864,0.213155,0.24185,-0.173957,0.872753,0.75504,0.212049,0.152837,0.091896,-0.090998,0.090324,0.939238,-0.901124,0.12416,-0.109316
1.071609,0.62904,0.769961,0.051373,0.036816,-0.076785,-0.995042,-0.295278,0.108001,-0.086436,1.071093,-0.121283,-0.09854,-0.200204,0.022471,-0.385524,0.451586,-0.291044,0.221292,0.077937,0.129124,0.00174,0.217983,0.230811,-0.145786,0.878447,0.745114,0.23392,0.165258,0.062884,-0.094402,0.106282,0.960512,-0.923101,0.14348,-0.09714
1.059912,0.628352,0.774105,0.054884,0.037896,-0.08796,-0.993889,-0.255345,0.090277,-0.115216,1.087621,-0.093851,-0.107051,-0.211543,0.018947,-0.406102,0.440957,-0.283567,0.226625,0.080794,0.125833,-0.001946,0.220775,0.226524,-0.134487,0.877499,0.74412,0.237487,0.159634,0.041855,-0.094012,0.102239,0.962429,-0.925706,0.156368,-0.098077
1.048028,0.628018,0.775475,0.056428,0.038297,-0.098905,-0.992757,-0.215527,0.068721,-0.14206,1.089965,-0.069147,-0.105325,-0.219404,0.011791,-0.424923,0.427633,-0.270558,0.230417,0.083325,0.120631,-0.005614,0.222694,0.226315,-0.138025,0.869284,0.751652,0.224715,0.141833,0.028388,-0.09073,0.083975,0.946275,-0.909821,0.156209,-0.114624
1.035616,0.627987,0.775993,0.057298,0.038295,-0.109538,-0.99159,-0.178008,0.051233,-0.165109,1.081329,-0.049574,-0.104534,-0.229123,0.002314,-0.441726,0.416034,-0.257083,0.232746,0.085631,0.11413,-0.008644,0.2252,0.228218,-0.146507,0.853732,0.7633,0.203556,0.122963,0.020746,-0.086615,0.063266,0.918494,-0.882481,0.140465,-0.139577
1.022515,0.628199,0.776519,0.058681,0.038147,-0.119542,-0.990359,-0.144797,0.043941,-0.181401,1.058395,-0.040933,-0.101051,-0.242854,-0.007911,-0.456913,0.409984,-0.245591,0.234031,0.087678,0.107427,-0.010369,0.22974,0.227966,-0.149229,0.832014,0.771664,0.182323,0.111916,0.016289,-0.084679,0.051077,0.885932,-0.85418,0.11506,-0.163773
1.008792,0.628515,0.777897,0.059807,0.0378,-0.12858,-0.989172,-0.112184,0.045708,-0.190122,1.012345,-0.045133,-0.09972,-0.25795,-0.018259,-0.469756,0.404629,-0.234622,0.232967,0.089215,0.100655,-0.010864,0.236917,0.220296,-0.142437,0.807198,0.771556,0.165822,0.111059,0.013085,-0.08789,0.051518,0.852507,-0.832911,0.089379,-0.181973
0.994433,0.628834,0.780451,0.060554,0.037331,-0.136839,-0.988036,-0.085696,0.050102,-0.192174,0.944023,-0.076079,-0.071904,-0.272911,-0.027562,-0.479613,0.396847,-0.222795,0.227017,0.090019,0.093684,-0.009728,0.24481,0.204966,-0.130806,0.783496,0.763804,0.154287,0.118231,0.010429,-0.095976,0.061347,0.819524,-0.820027,0.069381,-0.192544
0.979384,0.629136,0.782823,0.06108,0.036156,-0.145072,-0.986872,-0.065768,0.056723,-0.18871,0.870211,-0.137987,-0.049854,-0.290981,-0.036846,-0.486343,0.388895,-0.209916,0.214038,0.089994,0.086008,-0.00703,0.24869,0.186127,-0.124048,0.766937,0.754666,0.146503,0.128779,0.008501,-0.106433,0.073674,0.7876,-0.811825,0.056985,-0.196196
0.963247,0.629398,0.782212,0.06023,0.034063,-0.152233,-0.985919,-0.058199,0.053757,-0.188357,0.814046,-0.213663,-0.030652,-0.315465,-0.050401,-0.490034,0.386121,-0.195701,0.198545,0.090483,0.077109,-0.002264,0.243679,0.166478,-0.129526,0.764742,0.750725,0.142419,0.136792,0.007027,-0.117611,0.083092,0.758305,-0.804083,0.052159,-0.195032
0.946165,0.629773,0.778333,0.058482,0.031611,-0.157631,-0.985258,-0.0672,0.042525,-0.187805,0.78552,-0.28957,-0.008398,-0.350719,-0.072648,-0.494128,0.402043,-0.184623,0.182875,0.092089,0.066257,0.005287,0.228043,0.149869,-0.148524,0.780757,0.757945,0.143921,0.137573,0.006406,-0.126645,0.08848,0.734167,-0.795321,0.05386,-0.191816
0.928527,0.6301,0.771464,0.055529,0.029225,-0.160688,-0.985009,-0.090657,0.026772,-0.181767,0.783237,-0.362695,0.011411,-0.397742,-0.103488,-0.49734,0.440944,-0.17786,0.157536,0.094347,0.052624,0.016316,0.204184,0.137014,-0.177457,0.810787,0.778313,0.150702,0.130349,0.006937,-0.133368,0.093481,0.715164,-0.789288,0.059774,-0.185132
0.910709,0.630126,0.760949,0.051938,0.027256,-0.162388,-0.984982,-0.127702,0.01016,-0.171593,0.803718,-0.438329,0.020915,-0.451591,-0.139998,-0.501323,0.49497,-0.176798,0.12923,0.096117,0.035776,0.031227,0.175958,0.127845,-0.210003,0.844276,0.807829,0.15912,0.121094,0.010046,-0.13948,0.102763,0.695759,-0.791732,0.064786,-0.17164
0.893845,0.629923,0.751965,0.047574,0.02601,-0.16484,-0.984829,-0.174531,-0.004977,-0.155875,0.849788,-0.491338,0.026702,-0.500097,-0.17897,-0.507241,0.546064,-0.179151,0.107983,0.096281,0.016513,0.049368,0.146094,0.119809,-0.237739,0.873782,0.834764,0.165463,0.118285,0.019055,-0.147001,0.116478,0.668888,-0.804084,0.06367,-0.154088
0.87797,0.629622,0.744654,0.043607,0.025811,-0.168484,-0.984401,-0.220891,-0.018337,-0.140707,0.897252,-0.522684,0.033459,-0.530982,-0.216556,-0.522554,0.575801,-0.183729,0.106123,0.095553,-0.003324,0.067818,0.116527,0.111664,-0.251164,0.902078,0.84663,0.171181,0.123893,0.037583,-0.152461,0.130726,0.636565,-0.820507,0.05763,-0.143024
0.863601,0.629505,0.740806,0.040315,0.02705,-0.17077,-0.984114,-0.253795,-0.031118,-0.130803,0.925427,-0.532328,0.040673,-0.534272,-0.248001,-0.552845,0.570658,-0.184928,0.119053,0.095099,-0.022115,0.082724,0.08936,0.101268,-0.241592,0.941012,0.84209,0.181947,0.135875,0.066695,-0.153639,0.144858,0.612975,-0.835067,0.055879,-0.142797
0.851096,0.629689,0.741874,0.037508,0.029862,-0.1689,-0.984466,-0.26532,-0.038984,-0.120325,0.921885,-0.521157,0.046519,-0.515417,-0.263431,-0.584097,0.535679,-0.174074,0.127958,0.094009,-0.039103,0.091624,0.075169,0.089773,-0.213747,0.974579,0.824724,0.212727,0.150616,0.091044,-0.143154,0.166848,0.618086,-0.855304,0.079422,-0.143218
0.839839,0.629928,0.750387,0.03534,0.033825,-0.161928,-0.985589,-0.254745,-0.039327,-0.107256,0.883143,-0.492047,0.048331,-0.492901,-0.254237,-0.581369,0.490551,-0.157492,0.12737,0.090519,-0.053782,0.093827,0.074638,0.074837,-0.168778,0.999979,0.801749,0.255202,0.176686,0.109533,-0.130591,0.197007,0.653791,-0.880588,0.123075,-0.130724
0.830032,0.630408,0.758874,0.033648,0.037644,-0.150287,-0.987352,-0.227682,-0.033717,-0.089879,0.816312,-0.452831,0.044168,-0.459643,-0.22502,-0.543623,0.456525,-0.143773,0.142639,0.084629,-0.066514,0.08912,0.084673,0.057185,-0.112639,1.013456,0.774449,0.286057,0.212483,0.120694,-0.116059,0.22231,0.709264,-0.893319,0.173085,-0.103483
0.821202,0.631053,0.767535,0.031822,0.040493,-0.136089,-0.989357,-0.192212,-0.025512,-0.068035,0.732441,-0.409231,0.032621,-0.426366,-0.189632,-0.485728,0.445396,-0.129946,0.136984,0.076239,-0.077252,0.078416,0.10328,0.03886,-0.065046,1.012756,0.74654,0.292186,0.243276,0.12778,-0.097384,0.223573,0.7644,-0.869694,0.217784,-0.073514
0.812738,0.631765,0.775252,0.029567,0.041552,-0.120981,-0.991344,-0.159632,-0.017929,-0.042846,0.64852,-0.364478,0.009899,-0.390765,-0.161055,-0.432827,0.455845,-0.125423,0.130105,0.065992,-0.085888,0.063028,0.121254,0.025698,-0.043779,1.01002,0.731432,0.277701,0.258497,0.137177,-0.083093,0.199639,0.800177,-0.812843,0.244993,-0.0538
0.804102,0.632519,0.781173,0.027054,0.040715,-0.106913,-0.993066,-0.137852,-0.013213,-0.017173,0.577956,-0.324206,-0.012317,-0.356164,-0.144882,-0.39241,0.483297,-0.1265,0.13025,0.053861,-0.091873,0.045341,0.132135,0.020304,-0.05479,1.010654,0.736833,0.25854,0.264128,0.150631,-0.081622,0.18024,0.809039,-0.762234,0.247709,-0.043262
0.794995,0.633378,0.785153,0.024467,0.038139,-0.094503,-0.994493,-0.130033,-0.012046,0.007935,0.526755,-0.290788,-0.016616,-0.323102,-0.141513,-0.370413,0.525385,-0.13798,0.124611,0.040455,-0.095112,0.027603,0.132833,0.019826,-0.08068,1.014862,0.755355,0.24159,0.269188,0.167244,-0.104871,0.188834,0.794938,-0.747301,0.218385,-0.032536
0.785426,0.634386,0.787405,0.021635,0.034687,-0.083562,-0.995664,-0.133773,-0.01333,0.033715,0.494447,-0.265769,-0.007198,-0.294629,-0.141625,-0.347816,0.575991,-0.15331,0.119583,0.026012,-0.095726,0.0115,0.124202,0.017782,-0.102854,1.020443,0.768818,0.22754,0.272951,0.184294,-0.142982,0.215146,0.765537,-0.764805,0.17125,-0.032048
0.775538,0.635498,0.788267,0.017772,0.0313,-0.072174,-0.996742,-0.143498,-0.017067,0.059283,0.47532,-0.249556,0.001333,-0.267395,-0.143165,-0.321622,0.629623,-0.174551,0.122398,0.01233,-0.094963,-0.002808,0.108054,0.014042,-0.11627,1.027858,0.771159,0.214587,0.268932,0.199411,-0.178285,0.231972,0.733849,-0.784794,0.129103,-0.049164
0.765446,0.636727,0.788361,0.012789,0.028861,-0.058745,-0.997774,-0.152685,-0.021602,0.087816,0.460273,-0.236539,0.009542,-0.237811,-0.146117,-0.294913,0.681853,-0.189229,0.122041,0.000879,-0.093997,-0.015841,0.086936,0.013718,-0.128121,1.036058,0.771706,0.202885,0.258161,0.210056,-0.198376,0.227903,0.715146,-0.786175,0.106893,-0.073375
0.755218,0.638022,0.788008,0.006961,0.027735,-0.042844,-0.998672,-0.158886,-0.025515,0.120744,0.445791,-0.223903,0.017456,-0.205504,-0.148214,-0.265595,0.729523,-0.197448,0.112139,-0.007789,-0.09317,-0.027876,0.063946,0.01955,-0.142873,1.040783,0.778176,0.193542,0.249305,0.213388,-0.203177,0.208117,0.716161,-0.773586,0.107758,-0.091648
0.744821,0.639271,0.787243,0.000914,0.027528,-0.024844,-0.999312,-0.163446,-0.027689,0.156927,0.431943,-0.211914,0.024729,-0.171586,-0.147493,-0.229595,0.771806,-0.207364,0.117555,-0.013665,-0.091777,-0.038969,0.041726,0.029613,-0.154827,1.037905,0.786058,0.186898,0.248273,0.209557,-0.197951,0.180181,0.730903,-0.761212,0.127993,-0.100874
0.734188,0.640282,0.786217,-0.005535,0.027489,-0.00577,-0.99959,-0.169338,-0.028343,0.194745,0.420702,-0.200874,0.027338,-0.137149,-0.145044,-0.189136,0.805856,-0.203303,0.132557,-0.017243,-0.089369,-0.049137,0.020331,0.043231,-0.153713,1.028073,0.786497,0.178989,0.250827,0.205256,-0.187668,0.149018,0.74301,-0.755273,0.158616,-0.106643
0.723271,0.640992,0.785325,-0.011211,0.027183,0.012948,-0.999484,-0.176106,-0.026278,0.231296,0.408612,-0.188218,0.026014,-0.10292,-0.137166,-0.143141,0.827361,-0.179201,0.162156,-0.019694,-0.08549,-0.058437,0.000148,0.051609,-0.140983,1.012913,0.776208,0.175017,0.25736,0.194614,-0.169706,0.119113,0.749853,-0.752369,0.188907,-0.113383
0.71195,0.641363,0.784634,-0.015649,0.026449,0.030295,-0.999068,-0.18414,-0.021399,0.264634,0.395344,-0.173398,0.022381,-0.070195,-0.118953,-0.088918,0.834065,-0.145381,0.196407,-0.021947,-0.079906,-0.066555,-0.017802,0.060734,-0.121618,0.99325,0.756805,0.171216,0.263411,0.189793,-0.155094,0.092687,0.748917,-0.747058,0.197536,-0.120595
0.700001,0.641388,0.783868,-0.019451,0.025141,0.046456,-0.998414,-0.196405,-0.01417,0.295155,0.385974,-0.158526,0.0183,-0.039962,-0.093369,-0.02939,0.829413,-0.119576,0.224758,-0.023799,-0.072704,-0.072959,-0.036678,0.068718,-0.105687,0.973805,0.737619,0.169024,0.270329,0.191634,-0.145804,0.07473,0.740899,-0.743313,0.189228,-0.122943
0.687299,0.641181,0.783089,-0.022109,0.02336,0.06214,-0.997549,-0.213129,-0.003211,0.323242,0.381873,-0.144469,0.015563,-0.016151,-0.070664,0.0184,0.818177,-0.104762,0.246067,-0.02384,-0.063948,-0.077095,-0.055093,0.081264,-0.102672,0.953814,0.728825,0.165463,0.27429,0.193072,-0.140916,0.065129,0.734899,-0.744943,0.177031,-0.120742
0.673803,0.640822,0.782613,-0.023519,0.021363,0.076952,-0.996528,-0.232822,0.010914,0.347804,0.381254,-0.130536,0.01531,-0.001812,-0.054728,0.051875,0.800708,-0.096188,0.247541,-0.022281,-0.054453,-0.078531,-0.072931,0.101179,-0.112689,0.929161,0.732231,0.15956,0.269038,0.190147,-0.13619,0.058931,0.735938,-0.751537,0.170867,-0.120191
0.659473,0.640257,0.782636,-0.025039,0.019226,0.089919,-0.995449,-0.255311,0.025134,0.36785,0.383506,-0.117408,0.012501,0.004851,-0.046047,0.083301,0.767208,-0.115981,0.244254,-0.020774,-0.045793,-0.077113,-0.08969,0.120012,-0.126264,0.899662,0.737923,0.15166,0.258964,0.188368,-0.129246,0.052022,0.737658,-0.759309,0.172168,-0.124514
0.64444,0.639607,0.783967,-0.025821,0.01709,0.101558,-0.994348,-0.276613,0.039076,0.382347,0.381482,-0.1028,0.004562,0.003818,-0.040949,0.095004,0.723019,-0.125812,0.189624,-0.018416,-0.037954,-0.072873,-0.101451,0.136619,-0.133058,0.861438,0.733667,0.140104,0.24652,0.185744,-0.11846,0.04421,0.740945,-0.764312,0.177609,-0.131414
0.628731,0.638846,0.7846,-0.02545,0.014947,0.11201,-0.993269,-0.296651,0.052922,0.391559,0.372682,-0.084161,-0.004528,-0.002421,-0.039991,0.080794,0.68426,-0.161539,0.122939,-0.015193,-0.029967,-0.066197,-0.106671,0.151112,-0.132977,0.815381,0.717951,0.125324,0.236035,0.18147,-0.105518,0.038069,0.747043,-0.766915,0.183003,-0.136309
0.61229,0.637894,0.783425,-0.024839,0.013173,0.120247,-0.992346,-0.317042,0.066109,0.397182,0.36128,-0.061062,-0.011946,-0.01098,-0.03921,0.057868,0.653053,-0.210724,0.070814,-0.012665,-0.021589,-0.057449,-0.106531,0.164341,-0.133146,0.767719,0.69923,0.110253,0.229795,0.176784,-0.09324,0.033842,0.754849,-0.768819,0.185292,-0.134879
0.59536,0.636614,0.780845,-0.023422,0.012085,0.124639,-0.991852,-0.337133,0.080535,0.401871,0.349254,-0.032115,-0.017324,-0.018486,-0.031898,0.039689,0.623728,-0.264188,0.032071,-0.012274,-0.012437,-0.046935,-0.103771,0.177185,-0.139213,0.725458,0.685921,0.099375,0.225455,0.174745,-0.080523,0.025508,0.759488,-0.767877,0.182112,-0.126704
0.578028,0.635046,0.776968,-0.021242,0.011759,0.124412,-0.991934,-0.360801,0.096064,0.405223,0.343408,0.000718,-0.009899,-0.026912,-0.01842,0.027473,0.599798,-0.315589,0.003881,-0.014079,-0.001601,-0.034038,-0.101124,0.187831,-0.15284,0.692534,0.680288,0.09502,0.219646,0.177925,-0.065432,0.003442,0.753639,-0.758801,0.173259,-0.118177
0.560216,0.633613,0.770549,-0.018244,0.011902,0.119715,-0.992569,-0.394444,0.110464,0.4007,0.351573,0.030848,0.007205,-0.043761,-0.003835,0.013084,0.591083,-0.368845,-0.01285,-0.016948,0.011683,-0.018275,-0.101042,0.195374,-0.17559,0.669904,0.683015,0.096655,0.209573,0.186235,-0.046305,-0.035507,0.733243,-0.738063,0.160062,-0.119781
0.542719,0.632437,0.763652,-0.014829,0.012198,0.111696,-0.993557,-0.440125,0.122973,0.386642,0.380653,0.050304,0.025215,-0.0725,0.007818,-0.007417,0.612629,-0.426064,-0.018881,-0.019798,0.027481,-7.4e-05,-0.103632,0.201492,-0.208997,0.655901,0.697479,0.101483,0.195096,0.196578,-0.02548,-0.081763,0.702112,-0.709667,0.143668,-0.137132
0.52571,0.631818,0.756037,-0.010086,0.012913,0.102394,-0.994609,-0.491814,0.134173,0.36367,0.424322,0.054287,0.031058,-0.116448,0.017532,-0.031636,0.665262,-0.469746,-0.021772,-0.021827,0.045428,0.01914,-0.104784,0.208761,-0.250666,0.646884,0.726969,0.106979,0.180126,0.205273,-0.007412,-0.120224,0.671109,-0.682718,0.126391,-0.1666
0.509873,0.631514,0.749407,-0.005064,0.014337,0.093341,-0.995518,-0.536916,0.13999,0.334072,0.463383,0.042135,0.009272,-0.162294,0.024114,-0.056502,0.722882,-0.495319,-0.027386,-0.022689,0.064151,0.03684,-0.097589,0.213048,-0.292574,0.641677,0.767835,0.114227,0.173044,0.210046,0.002517,-0.143899,0.652295,-0.663786,0.113957,-0.201551
0.495296,0.63132,0.748289,-0.000591,0.016742,0.084041,-0.996321,-0.569309,0.138552,0.307504,0.475755,0.014712,-0.02234,-0.194174,0.026731,-0.081074,0.756878,-0.502508,-0.033094,-0.022839,0.081835,0.050258,-0.077456,0.206475,-0.325489,0.645961,0.807873,0.12835,0.178797,0.210408,0.003508,-0.155277,0.655481,-0.653584,0.112917,-0.236372
0.482582,0.631271,0.752008,0.003762,0.020348,0.073166,-0.997105,-0.575177,0.130282,0.286429,0.465979,0.00801,-0.038809,-0.205056,0.026776,-0.106496,0.757969,-0.490661,-0.036842,-0.022283,0.096971,0.057745,-0.04614,0.186342,-0.345757,0.670073,0.83353,0.152873,0.18987,0.207877,-0.001325,-0.158696,0.684289,-0.651924,0.127476,-0.262297
0.471517,0.631212,0.756079,0.006635,0.024762,0.059571,-0.997895,-0.555086,0.116465,0.26514,0.447787,0.017374,-0.052875,-0.195948,0.023444,-0.13285,0.727292,-0.464142,-0.03884,-0.020514,0.108201,0.05929,-0.011361,0.15699,-0.357364,0.720562,0.840177,0.182807,0.190911,0.205228,-0.010416,-0.156819,0.731163,-0.659891,0.156555,-0.267715
0.461773,0.631131,0.761441,0.008574,0.029169,0.043566,-0.998588,-0.522585,0.099522,0.242406,0.437681,0.022424,-0.05069,-0.172888,0.018165,-0.161595,0.673382,-0.42778,-0.039869,-0.016512,0.115281,0.056059,0.018655,0.131346,-0.368765,0.793616,0.837631,0.206152,0.169306,0.204796,-0.020493,-0.150876,0.781692,-0.67571,0.190017,-0.2492
0.452892,0.630947,0.767229,0.009934,0.033123,0.02666,-0.999046,-0.489988,0.079363,0.205522,0.451528,0.01431,-0.054973,-0.143748,0.012917,-0.192041,0.608802,-0.387761,-0.041131,-0.009522,0.118228,0.050055,0.040597,0.120904,-0.387577,0.876166,0.842147,0.212734,0.123421,0.206647,-0.028448,-0.142224,0.823221,-0.695229,0.214666,-0.216206
0.444345,0.63059,0.772317,0.010918,0.036348,0.010218,-0.999227,-0.462443,0.061949,0.16271,0.496144,-0.006514,-0.062371,-0.117077,0.00892,-0.222,0.54742,-0.350666,-0.043866,-0.000652,0.117874,0.042988,0.059826,0.127842,-0.410041,0.946609,0.862679,0.206744,0.064107,0.202774,-0.034369,-0.132041,0.847399,-0.715938,0.230472,-0.175993
0.435709,0.630051,0.775903,0.011987,0.038702,-0.004523,-0.999169,-0.441093,0.052709,0.123197,0.568445,-0.035668,-0.068772,-0.100234,0.006337,-0.249328,0.501785,-0.322143,-0.047726,0.008932,0.115488,0.036085,0.077129,0.146916,-0.422389,0.994877,0.885683,0.202818,0.012362,0.204902,-0.036958,-0.117079,0.862972,-0.736805,0.223666,-0.147109
0.426748,0.62934,0.777695,0.01401,0.04008,-0.017245,-0.998949,-0.427151,0.049425,0.082776,0.660281,-0.067766,-0.072552,-0.097205,0.005115,-0.273833,0.478875,-0.303829,-0.051861,0.018945,0.112505,0.03005,0.099263,0.170989,-0.409306,1.012316,0.89435,0.21198,-0.013205,0.204268,-0.039513,-0.09661,0.873353,-0.758137,0.20438,-0.127971
0.417393,0.628448,0.777893,0.017249,0.040499,-0.02892,-0.998612,-0.415982,0.050081,0.041412,0.760893,-0.098355,-0.071891,-0.106529,0.004493,-0.297276,0.475966,-0.293881,-0.055311,0.028894,0.110172,0.02463,0.130046,0.193902,-0.370506,0.999301,0.88259,0.230145,-0.004005,0.200733,-0.047003,-0.075672,0.886128,-0.780415,0.17329,-0.12128
0.407755,0.627441,0.776856,0.021688,0.040531,-0.040506,-0.998121,-0.404048,0.05272,-0.00107,0.859767,-0.122239,-0.074246,-0.12312,0.003902,-0.321296,0.485998,-0.289699,-0.05771,0.038152,0.108911,0.019589,0.16162,0.214005,-0.316592,0.975117,0.854482,0.242054,0.031422,0.189062,-0.055036,-0.053104,0.896165,-0.802497,0.149898,-0.124594
0.397998,0.626387,0.775183,0.026213,0.040657,-0.052688,-0.997439,-0.387897,0.053944,-0.042959,0.949442,-0.132013,-0.073846,-0.140749,0.001843,-0.346229,0.499058,-0.287114,-0.059117,0.046033,0.1083,0.014795,0.194351,0.231292,-0.258534,0.950421,0.819699,0.243666,0.072401,0.172103,-0.065203,-0.03436,0.906745,-0.826685,0.1355,-0.131173
0.388202,0.625487,0.773246,0.030847,0.041182,-0.065999,-0.996492,-0.366437,0.053529,-0.083814,1.024045,-0.132295,-0.075303,-0.156475,-0.001831,-0.372499,0.510887,-0.28425,-0.059643,0.052076,0.10766,0.010456,0.217283,0.234126,-0.207804,0.935647,0.788508,0.251592,0.104306,0.150101,-0.072408,-0.01612,0.921647,-0.85116,0.133836,-0.137102
0.378354,0.624834,0.771651,0.034645,0.042021,-0.08048,-0.995267,-0.34067,0.047946,-0.125581,1.082005,-0.112833,-0.08616,-0.167922,-0.008075,-0.399419,0.516008,-0.278307,-0.059659,0.056421,0.106237,0.006758,0.231297,0.232686,-0.168863,0.927172,0.767036,0.25996,0.118485,0.126809,-0.08003,0.001425,0.937145,-0.869979,0.140282,-0.138361
0.368373,0.62447,0.770686,0.037237,0.042922,-0.095729,-0.993784,-0.311607,0.032424,-0.16974,1.122111,-0.076654,-0.098193,-0.175164,-0.016975,-0.426379,0.513073,-0.268343,-0.059837,0.059462,0.103546,0.003717,0.237737,0.233341,-0.146225,0.921408,0.758631,0.261473,0.116863,0.104713,-0.088074,0.012224,0.947434,-0.882188,0.14793,-0.136277
0.358114,0.624456,0.770239,0.039234,0.043592,-0.111345,-0.99205,-0.280459,0.012841,-0.212966,1.143889,-0.038873,-0.109374,-0.180859,-0.028056,-0.453561,0.505912,-0.255548,-0.060263,0.061448,0.09955,0.001213,0.237841,0.235481,-0.13762,0.914617,0.762726,0.255613,0.107048,0.084127,-0.093628,0.016357,0.948934,-0.886478,0.152881,-0.135994
0.347529,0.624734,0.770347,0.040354,0.043813,-0.126516,-0.990175,-0.248971,-0.006693,-0.253015,1.146367,-0.005094,-0.12672,-0.186233,-0.041061,-0.479239,0.495919,-0.240558,-0.060547,0.062854,0.094321,-0.00098,0.234882,0.236022,-0.133608,0.902535,0.771687,0.243819,0.095934,0.065421,-0.097506,0.016325,0.940799,-0.883719,0.151612,-0.139278
0.336562,0.62525,0.770947,0.040545,0.043491,-0.140299,-0.988322,-0.217833,-0.024008,-0.288111,1.129325,0.002248,-0.126301,-0.192865,-0.055377,-0.501211,0.485553,-0.225122,-0.059127,0.0643,0.088032,-0.002827,0.232266,0.231567,-0.124937,0.882148,0.777007,0.22945,0.08816,0.048424,-0.101185,0.01533,0.924872,-0.875754,0.142944,-0.145325
0.325069,0.626031,0.772095,0.040424,0.04288,-0.152319,-0.986573,-0.192404,-0.033414,-0.313053,1.0952,-0.003816,-0.124838,-0.202731,-0.070346,-0.518497,0.47924,-0.210502,-0.058821,0.065944,0.081227,-0.003646,0.231992,0.221239,-0.109493,0.85346,0.775828,0.215832,0.085957,0.032363,-0.105167,0.015888,0.904613,-0.865008,0.13001,-0.153537
0.312942,0.627083,0.774014,0.040053,0.042085,-0.162219,-0.985043,-0.172841,-0.036398,-0.327701,1.045034,-0.022325,-0.120006,-0.216082,-0.085668,-0.530359,0.477418,-0.196814,-0.060086,0.068106,0.074547,-0.003135,0.23382,0.205564,-0.092576,0.820238,0.771332,0.20445,0.089006,0.016527,-0.109881,0.019566,0.883208,-0.854011,0.116889,-0.161697
0.300323,0.628377,0.77647,0.039136,0.041021,-0.169983,-0.983815,-0.157657,-0.036144,-0.332634,0.987742,-0.063173,-0.105917,-0.232058,-0.101068,-0.536367,0.477089,-0.182939,-0.06182,0.070833,0.068044,-0.001493,0.23577,0.186352,-0.081134,0.788578,0.768729,0.195328,0.095383,0.00112,-0.115542,0.02638,0.861664,-0.844707,0.106434,-0.167153
0.286689,0.629809,0.777062,0.037746,0.039705,-0.175615,-0.982933,-0.149257,-0.033833,-0.324266,0.938059,-0.12832,-0.074924,-0.249888,-0.115361,-0.537012,0.473591,-0.167393,-0.063089,0.073918,0.061765,0.001139,0.235205,0.166097,-0.078539,0.764076,0.771486,0.1879,0.10341,-0.013005,-0.121376,0.034858,0.838637,-0.837252,0.098891,-0.168995
0.272213,0.631374,0.776019,0.036196,0.037891,-0.178873,-0.982476,-0.145464,-0.028589,-0.302314,0.890577,-0.198894,-0.042355,-0.268981,-0.12752,-0.532797,0.4646,-0.149496,-0.062477,0.07722,0.05575,0.00444,0.230143,0.146268,-0.083188,0.750162,0.779984,0.182822,0.114252,-0.025107,-0.125984,0.043155,0.812591,-0.830259,0.093148,-0.169235
0.256972,0.633094,0.773767,0.034812,0.035448,-0.17918,-0.982561,-0.142243,-0.025875,-0.279449,0.841279,-0.268047,-0.015994,-0.289179,-0.138656,-0.528285,0.451631,-0.132355,-0.057889,0.081284,0.049827,0.00821,0.219804,0.126754,-0.091336,0.74841,0.792604,0.182066,0.130518,-0.034554,-0.128281,0.05059,0.783667,-0.822171,0.087492,-0.170071
0.240889,0.63483,0.769931,0.033604,0.032404,-0.176666,-0.983163,-0.143139,-0.027449,-0.259884,0.795897,-0.335622,0.003877,-0.315031,-0.150051,-0.522431,0.44297,-0.115333,-0.056673,0.08563,0.043875,0.013199,0.204546,0.106493,-0.100279,0.758497,0.806794,0.186678,0.152211,-0.041338,-0.129442,0.058819,0.753172,-0.813821,0.080332,-0.170208
0.223853,0.636511,0.763259,0.032326,0.028726,-0.171584,-0.98422,-0.156421,-0.033808,-0.242085,0.767295,-0.403963,0.013026,-0.352387,-0.16581,-0.515582,0.449715,-0.095579,-0.050831,0.0895,0.037521,0.02083,0.185331,0.085485,-0.109541,0.777103,0.820046,0.194797,0.176002,-0.046137,-0.132229,0.070493,0.721252,-0.808473,0.070888,-0.165831
0.206821,0.638112,0.757062,0.030412,0.024688,-0.164648,-0.985574,-0.186841,-0.044559,-0.222316,0.772214,-0.454767,0.022204,-0.40073,-0.185932,-0.504904,0.476454,-0.081883,-0.041107,0.091877,0.029531,0.032641,0.163015,0.064996,-0.119298,0.798966,0.829078,0.202658,0.19775,-0.048977,-0.138652,0.086667,0.685834,-0.809327,0.059042,-0.15549
0.189844,0.639298,0.751067,0.026884,0.020964,-0.15726,-0.986969,-0.232452,-0.058762,-0.198872,0.804356,-0.476704,0.03052,-0.454829,-0.207014,-0.485918,0.513473,-0.079362,-0.02017,0.092054,0.018103,0.048922,0.138516,0.046086,-0.126979,0.820925,0.827451,0.208702,0.212073,-0.0466,-0.148188,0.105456,0.645498,-0.816952,0.044409,-0.143898
0.173261,0.640092,0.748235,0.023294,0.018527,-0.150462,-0.988168,-0.278145,-0.070948,-0.176482,0.839398,-0.483915,0.03739,-0.509245,-0.221852,-0.460455,0.541201,-0.096941,0.00226,0.090161,0.002761,0.067185,0.11351,0.030942,-0.125941,0.843341,0.807856,0.216538,0.212405,-0.033644,-0.155511,0.124094,0.605191,-0.828134,0.027656,-0.137356
0.158489,0.640561,0.746568,0.019312,0.01765,-0.143651,-0.989282,-0.312028,-0.078976,-0.153731,0.858432,-0.474863,0.043797,-0.539126,-0.224108,-0.435176,0.544726,-0.107354,0.028924,0.086804,-0.015414,0.083098,0.090305,0.018441,-0.112085,0.867654,0.770869,0.231328,0.199948,-0.008587,-0.158107,0.141686,0.576062,-0.838407,0.014547,-0.132871
0.145146,0.640824,0.750919,0.015467,0.017627,-0.134868,-0.990586,-0.326126,-0.081638,-0.131853,0.845182,-0.450926,0.051721,-0.54442,-0.218192,-0.425221,0.520525,-0.107711,0.040686,0.082726,-0.03502,0.092626,0.071071,0.009563,-0.089356,0.891779,0.731546,0.254131,0.190285,0.022944,-0.155942,0.160213,0.568713,-0.84453,0.012312,-0.120015
0.133589,0.640893,0.75608,0.012282,0.018057,-0.123194,-0.992142,-0.321233,-0.078399,-0.110705,0.801718,-0.415567,0.058656,-0.526206,-0.20499,-0.422607,0.49073,-0.09799,0.053354,0.077418,-0.054062,0.094638,0.056926,0.003311,-0.064355,0.914423,0.70924,0.276596,0.199453,0.053757,-0.156815,0.181293,0.585733,-0.846431,0.019666,-0.092418
0.123621,0.640758,0.76269,0.010318,0.01868,-0.109049,-0.993807,-0.302174,-0.068546,-0.088779,0.73666,-0.371679,0.064352,-0.495184,-0.184848,-0.414513,0.479082,-0.094458,0.07932,0.07005,-0.070831,0.090068,0.05071,-0.001311,-0.046057,0.927395,0.702509,0.292765,0.223746,0.076563,-0.156992,0.20674,0.621498,-0.854429,0.036769,-0.054676
0.114808,0.640442,0.769491,0.008712,0.019489,-0.094198,-0.995325,-0.276762,-0.056438,-0.065923,0.664772,-0.326264,0.069414,-0.460604,-0.161479,-0.392642,0.493387,-0.096549,0.091322,0.060238,-0.084115,0.081362,0.05005,-0.008123,-0.035271,0.931711,0.701816,0.296285,0.247562,0.094655,-0.162747,0.230416,0.663497,-0.868101,0.054026,-0.012713
0.106484,0.640097,0.775162,0.00726,0.019945,-0.080398,-0.996537,-0.254845,-0.045774,-0.04382,0.600585,-0.285962,0.074248,-0.425363,-0.141628,-0.362739,0.531534,-0.110321,0.093468,0.048744,-0.093577,0.070805,0.050131,-0.015563,-0.036297,0.930066,0.704513,0.285325,0.261262,0.112677,-0.174503,0.244003,0.698585,-0.879943,0.066923,0.026975
0.098161,0.639871,0.778916,0.005407,0.019476,-0.069044,-0.997409,-0.244475,-0.039329,-0.023937,0.55549,-0.254629,0.078922,-0.389891,-0.129535,-0.333927,0.585826,-0.135219,0.084504,0.036536,-0.099923,0.060101,0.045359,-0.019597,-0.055493,0.926713,0.716006,0.264523,0.269086,0.134473,-0.189906,0.242382,0.716564,-0.882712,0.075456,0.05457
0.08969,0.639862,0.780538,0.002022,0.018285,-0.060397,-0.998005,-0.247613,-0.039166,-0.006422,0.534037,-0.234531,0.083171,-0.356169,-0.127379,-0.306922,0.650538,-0.170768,0.072534,0.024432,-0.104341,0.050158,0.030287,-0.016169,-0.090885,0.931843,0.734125,0.236076,0.276941,0.16389,-0.201171,0.227884,0.711128,-0.876758,0.086386,0.058656
0.081121,0.640216,0.780625,-0.002397,0.016962,-0.052992,-0.998448,-0.258725,-0.043051,0.009907,0.52822,-0.22279,0.086108,-0.320117,-0.135565,-0.285068,0.717574,-0.204709,0.072542,0.013707,-0.107653,0.040222,0.002123,-0.015096,-0.130912,0.941678,0.75541,0.213739,0.278617,0.186617,-0.20667,0.204425,0.704664,-0.859275,0.099016,0.035106
0.072632,0.640942,0.779813,-0.007825,0.016129,-0.044909,-0.99883,-0.271091,-0.048777,0.028093,0.528829,-0.216133,0.086858,-0.280389,-0.148071,-0.261916,0.776997,-0.229308,0.074632,0.005187,-0.109982,0.029184,-0.032345,-0.012939,-0.164206,0.950123,0.770443,0.194138,0.265484,0.209053,-0.211944,0.174262,0.703966,-0.835451,0.111641,-0.0086
0.064309,0.641808,0.778594,-0.014762,0.015673,-0.034294,-0.99918,-0.28175,-0.05462,0.051792,0.530241,-0.211088,0.086945,-0.237694,-0.158257,-0.229753,0.821483,-0.248167,0.071283,-0.000584,-0.1114,0.016565,-0.056941,-0.007046,-0.182764,0.955443,0.776518,0.165072,0.254726,0.218768,-0.21504,0.146114,0.725099,-0.814637,0.134103,-0.05685
0.056109,0.642514,0.777823,-0.022061,0.015154,-0.020717,-0.999427,-0.289571,-0.057535,0.080475,0.527251,-0.203436,0.088639,-0.194384,-0.1621,-0.186805,0.846546,-0.244814,0.076446,-0.003526,-0.111653,0.003052,-0.077651,-0.001154,-0.183449,0.949504,0.773701,0.141363,0.255051,0.218052,-0.213101,0.12315,0.760071,-0.805676,0.17002,-0.091663
0.04793,0.642829,0.77818,-0.027893,0.01422,-0.005368,-0.999495,-0.29349,-0.055279,0.110474,0.514936,-0.189963,0.091837,-0.149563,-0.156763,-0.136397,0.844258,-0.220327,0.080645,-0.004392,-0.110032,-0.01021,-0.091592,0.004223,-0.169382,0.93191,0.762197,0.126326,0.270962,0.208433,-0.205204,0.10509,0.796693,-0.804425,0.209898,-0.103582
0.039505,0.642469,0.779267,-0.033005,0.012837,0.010628,-0.999316,-0.296964,-0.049655,0.140191,0.498666,-0.173104,0.093739,-0.10857,-0.144031,-0.08184,0.815897,-0.206537,0.072672,-0.004377,-0.106196,-0.021795,-0.10028,0.007575,-0.148435,0.907787,0.742572,0.117712,0.293479,0.194546,-0.195491,0.090484,0.822872,-0.803738,0.236149,-0.096364
0.030658,0.641398,0.780981,-0.036098,0.010733,0.026159,-0.998948,-0.301654,-0.03933,0.166651,0.480311,-0.154597,0.0919,-0.071831,-0.129704,-0.036044,0.76195,-0.213576,0.069698,-0.004188,-0.099884,-0.031409,-0.107044,0.012461,-0.131239,0.883747,0.719705,0.111236,0.308907,0.18087,-0.185747,0.079533,0.833322,-0.800735,0.237513,-0.080101
0.0218,0.639604,0.782779,-0.036801,0.007923,0.040011,-0.99849,-0.30898,-0.024488,0.187668,0.462746,-0.1356,0.087754,-0.045907,-0.116579,-0.008724,0.683496,-0.240505,0.064301,-0.004529,-0.091001,-0.038616,-0.114521,0.022829,-0.126904,0.864885,0.701913,0.104832,0.309456,0.170416,-0.176401,0.07141,0.828979,-0.797179,0.218208,-0.065849
0.011874,0.637133,0.783245,-0.036069,0.004852,0.051602,-0.998004,-0.321073,-0.007099,0.202729,0.449794,-0.117812,0.083323,-0.030095,-0.107094,-0.002534,0.611073,-0.275844,0.063212,-0.005471,-0.080004,-0.042872,-0.123533,0.039877,-0.139685,0.854043,0.697863,0.100042,0.294385,0.164325,-0.166315,0.062923,0.814022,-0.794532,0.191988,-0.063191
0.001412,0.634236,0.782654,-0.034172,0.002093,0.060384,-0.997588,-0.335262,0.010681,0.211259,0.439419,-0.101608,0.083036,-0.023524,-0.096158,-0.007169,0.556257,-0.302504,0.049175,-0.007418,-0.067793,-0.044231,-0.132935,0.062808,-0.167232,0.850529,0.711683,0.098534,0.266896,0.161898,-0.152006,0.052024,0.794714,-0.791867,0.170573,-0.075657
-0.009621,0.631139,0.780345,-0.031756,-0.000111,0.066325,-0.997293,-0.351612,0.027601,0.213657,0.432381,-0.085144,0.076107,-0.025482,-0.080202,-0.003239,0.515069,-0.325035,0.038789,-0.010563,-0.05478,-0.042818,-0.140292,0.087873,-0.201668,0.850402,0.739318,0.099728,0.232112,0.161172,-0.133395,0.04044,0.777189,-0.788877,0.157914,-0.097461
-0.020461,0.627995,0.778938,-0.028763,-0.002009,0.070241,-0.997113,-0.370208,0.045414,0.213126,0.431031,-0.069107,0.06122,-0.031749,-0.062856,0.002472,0.489423,-0.344476,0.03262,-0.013661,-0.041149,-0.038916,-0.143212,0.1112,-0.233261,0.848733,0.771387,0.102238,0.197168,0.159965,-0.112674,0.031685,0.765331,-0.786112,0.151716,-0.1167
-0.031312,0.625051,0.777205,-0.024977,-0.003864,0.072763,-0.997029,-0.392138,0.065242,0.212234,0.436249,-0.055213,0.046849,-0.045118,-0.04529,0.005362,0.479284,-0.3604,0.029552,-0.015797,-0.026787,-0.03272,-0.139822,0.129445,-0.254062,0.842468,0.797526,0.105403,0.169062,0.156702,-0.093142,0.027842,0.760209,-0.784589,0.147863,-0.125597
-0.04187,0.622502,0.775088,-0.02085,-0.005674,0.074501,-0.996987,-0.417087,0.084407,0.208721,0.448043,-0.047233,0.031874,-0.064294,-0.029209,0.003813,0.481468,-0.374675,0.028893,-0.016409,-0.011716,-0.024741,-0.12861,0.139988,-0.26084,0.831721,0.811418,0.109422,0.15251,0.150824,-0.077538,0.02808,0.761847,-0.784774,0.144186,-0.126482
-0.051678,0.620508,0.772869,-0.01674,-0.007003,0.07526,-0.996999,-0.441409,0.10023,0.201542,0.462118,-0.04525,0.013908,-0.083953,-0.015378,-0.000375,0.488381,-0.386719,0.030088,-0.015803,0.003999,-0.015868,-0.10889,0.141826,-0.255887,0.819687,0.813252,0.11552,0.14767,0.143168,-0.066533,0.029774,0.770906,-0.786592,0.141447,-0.127278
-0.06029,0.619166,0.771139,-0.01291,-0.007187,0.074718,-0.997095,-0.45924,0.1091,0.188761,0.470411,-0.045276,-0.005405,-0.097735,-0.004478,-0.005844,0.491802,-0.393786,0.03219,-0.014348,0.020248,-0.007102,-0.081541,0.135511,-0.245504,0.811749,0.808893,0.126192,0.151229,0.13568,-0.059547,0.030482,0.788235,-0.790306,0.142989,-0.132451
-0.067461,0.618499,0.770573,-0.009471,-0.005888,0.07289,-0.997278,-0.46672,0.108798,0.168856,0.467733,-0.03965,-0.02469,-0.10274,0.003197,-0.012442,0.48756,-0.390196,0.033987,-0.01226,0.036439,0.000579,-0.049164,0.12324,-0.236953,0.813545,0.807045,0.144076,0.15918,0.130192,-0.055412,0.029192,0.812891,-0.796065,0.151653,-0.13953
-0.07315,0.618349,0.771288,-0.006953,-0.003635,0.069855,-0.997526,-0.464701,0.100543,0.144743,0.45558,-0.022107,-0.043559,-0.099155,0.007019,-0.02002,0.473867,-0.379093,0.037093,-0.009716,0.051273,0.006254,-0.01512,0.107532,-0.234456,0.828113,0.813599,0.169045,0.167771,0.12777,-0.053441,0.025756,0.840606,-0.802969,0.166625,-0.143771
-0.077529,0.61848,0.773155,-0.005521,-0.00127,0.065608,-0.997829,-0.458918,0.086458,0.112858,0.440432,0.015671,-0.080031,-0.090467,0.00726,-0.028596,0.454369,-0.365628,0.04163,-0.006596,0.063207,0.00979,0.017949,0.091244,-0.236374,0.853685,0.826322,0.196164,0.172435,0.129055,-0.052765,0.021126,0.865383,-0.809672,0.182577,-0.143357
-0.081201,0.618642,0.776532,-0.004013,0.0006,0.060363,-0.998168,-0.454759,0.068781,0.071472,0.427275,0.056547,-0.102754,-0.08096,0.006413,-0.039038,0.434827,-0.353476,0.046933,-0.002624,0.072211,0.011912,0.049396,0.078291,-0.237497,0.884279,0.837351,0.216963,0.167205,0.134354,-0.05216,0.016533,0.883273,-0.815121,0.191491,-0.140537
-0.08385,0.618831,0.778721,-0.002405,0.001763,0.054262,-0.998522,-0.450876,0.051244,0.022916,0.426245,0.077922,-0.124665,-0.072266,0.005112,-0.051339,0.417115,-0.344673,0.052328,0.001798,0.078962,0.013576,0.085747,0.072348,-0.234718,0.907029,0.843731,0.223888,0.145209,0.139835,-0.054704,0.007269,0.904781,-0.820557,0.17896,-0.140493
